ReE,ImE,rho_pi,rho_gamma,rho_total
-3.0,-2.0,-1.9640384387782276e-7 - 3.8828093210412113e-7im,1.8698761705378389e-6 - 9.457459944638887e-7im,1.673472326660016e-6 - 1.3340269265680098e-6im
-3.0,-1.896551724137931,-1.5771796135773875e-7 - 3.9844391978743676e-7im,1.9057330695841053e-6 - 9.136438839404565e-7im,1.7480151082263666e-6 - 1.3120878037278933e-6im
-3.0,-1.793103448275862,-1.1817019872407045e-7 - 4.054066015910385e-7im,1.941083940233977e-6 - 8.795587485929361e-7im,1.8229137415099063e-6 - 1.2849653501839746e-6im
-3.0,-1.6896551724137931,-7.801498045460288e-8 - 4.090178407536757e-7im,1.9757911995970614e-6 - 8.434546978525583e-7im,1.8977762191424585e-6 - 1.252472538606234e-6im
-3.0,-1.5862068965517242,-3.7533750799544386e-8 - 4.0914627545655745e-7im,2.009708464411037e-6 - 8.053058858823554e-7im,1.9721747136114926e-6 - 1.2144521613389129e-6im
-3.0,-1.4827586206896552,2.965700947113515e-9 - 4.056848854033598e-7im,2.042680044671572e-6 - 7.650987016988055e-7im,2.0456457456186858e-6 - 1.1707835871021652e-6im
-3.0,-1.3793103448275863,4.315141480309641e-8 - 3.985561066915165e-7im,2.0745424839062963e-6 - 7.228331493411803e-7im,2.117693898709393e-6 - 1.1213892560326967e-6im
-3.0,-1.2758620689655173,8.266974490130408e-8 - 3.877164234371285e-7im,2.1051210116287725e-6 - 6.785260320553987e-7im,2.1877907565300766e-6 - 1.0662424554925272e-6im
-3.0,-1.1724137931034482,1.211491036077883e-7 - 3.7316128722777933e-7im,2.13424115227487e-6 - 6.322102476968899e-7im,2.2553902558826583e-6 - 1.0053715349246692e-6im
-3.0,-1.0689655172413792,1.5820468624813317e-7 - 3.5492933963609406e-7im,2.161718224884878e-6 - 5.839388517138497e-7im,2.319922911133011e-6 - 9.388681913499438e-7im
-3.0,-0.9655172413793104,1.9344454542470622e-7 - 3.33106396964161e-7im,2.1873768325974494e-6 - 5.337847958329463e-7im,2.380821378022156e-6 - 8.668911927971073e-7im
-3.0,-0.8620689655172413,2.264754746661278e-7 - 3.078279176415657e-7im,2.2110355007015505e-6 - 4.818417952989199e-7im,2.4375109753676784e-6 - 7.896697129404856e-7im
-3.0,-0.7586206896551724,2.5691127697127067e-7 - 2.792812414954189e-7im,2.2325205793503273e-6 - 4.2822628711041646e-7im,2.489431856321598e-6 - 7.075075286058353e-7im
-3.0,-0.6551724137931034,2.8438042151610734e-7 - 2.477061046708756e-7im,2.251666962406231e-6 - 3.730747437478381e-7im,2.536047383922338e-6 - 6.207808484187136e-7im
-3.0,-0.5517241379310345,3.0853424157134914e-7 - 2.133934264484655e-7im,2.2683198541032997e-6 - 3.1655020689711363e-7im,2.576854095674649e-6 - 5.299436333455792e-7im
-3.0,-0.4482758620689655,3.290561936275795e-7 - 1.7668320125291814e-7im,2.2823398547269204e-6 - 2.5882827902647825e-7im,2.6113960483545e-6 - 4.355114802793964e-7im
-3.0,-0.3448275862068966,3.456699094839694e-7 - 1.379599322915706e-7im,2.2936057409621456e-6 - 2.0010922792951565e-7im,2.639275650446115e-6 - 3.380691602210862e-7im
-3.0,-0.2413793103448276,3.581458953918805e-7 - 9.764717823813349e-8im,2.3020178221037385e-6 - 1.4060514224934516e-7im,2.660163717495619e-6 - 2.3825232048747864e-7im
-3.0,-0.13793103448275862,3.6630903361447925e-7 - 5.619978684701624e-8im,2.3075001196385523e-6 - 8.054286101027629e-8im,2.673809153253032e-6 - 1.3674264785729254e-7im
-3.0,-0.034482758620689655,3.700432695366678e-7 - 1.409582098810395e-8im,2.310002382644998e-6 - 2.0158207613220084e-8im,2.680045652181666e-6 - 3.4254028601324034e-8im
-3.0,0.06896551724137931,3.692952131063071e-7 + 2.8173270565419053e-8im,2.3095014144719497e-6 + 4.0307398225737165e-8im,2.678796627578257e-6 + 6.848066879115622e-8im
-3.0,0.1724137931034483,3.6407538377856764e-7 + 7.011249335191464e-8im,2.306001939046904e-6 + 1.0061122061804747e-7im,2.6700773228254715e-6 + 1.707237139699621e-7im
-3.0,0.27586206896551724,3.5445897786613635e-7 + 1.112338801357425e-7im,2.299535997035209e-6 + 1.6051335120286074e-7im,2.6539949749013452e-6 + 2.717472313386032e-7im
-3.0,0.3793103448275862,3.405815229464004e-7 + 1.510659261324069e-7im,2.2901630463215643e-6 + 2.1978053200142555e-7im,2.6307445692679647e-6 + 3.7084645813383245e-7im
-3.0,0.4827586206896552,3.2263707804621986e-7 + 1.891634738047667e-7im,2.2779669237113823e-6 + 2.7819011835786066e-7im,2.600604001757602e-6 + 4.6735359216262733e-7im
-3.0,0.5862068965517241,3.0087157914166433e-7 + 2.2511516927409662e-7im,2.263054925883339e-6 + 3.3553413081869407e-7im,2.5639265050250036e-6 + 5.606493000927906e-7im
-3.0,0.6896551724137931,2.7557583301804763e-7 + 2.5855068299576757e-7im,2.245554592268146e-6 + 3.916191617766002e-7im,2.5211304252861934e-6 + 6.501698447723678e-7im
-3.0,0.7931034482758621,2.4707767581397717e-7 + 2.89146204558321e-7im,2.225610812421305e-6 + 4.4627584441802337e-7im,2.4726884882352823e-6 + 7.354220489763443e-7im
-3.0,0.896551724137931,2.1573469911479336e-7 + 3.166275523537256e-7im,2.20338253290086e-6 + 4.993479821975033e-7im,2.4191172320156533e-6 + 8.159755345512289e-7im
-3.0,1.0,1.8192401594243253e-7 + 3.4077240379211565e-7im,2.1790370493456808e-6 + 5.507067060198952e-7im,2.3609610652881132e-6 + 8.914791098120109e-7im
-2.896551724137931,-2.0,-2.08688019396577e-7 - 4.280112265820183e-7im,1.9011812689313493e-6 - 9.82801052608614e-7im,1.6924932495347722e-6 - 1.4108122791906323e-6im
-2.896551724137931,-1.896551724137931,-1.6676736108915333e-7 - 4.392422983098925e-7im,1.9390630994768464e-6 - 9.502832996028612e-7im,1.772295738387693e-6 - 1.3895255979127538e-6im
-2.896551724137931,-1.793103448275862,-1.2381071938049274e-7 - 4.4702486506721594e-7im,1.9764866041661664e-6 - 9.156460078887152e-7im,1.8526758847856737e-6 - 1.3626708729559312e-6im
-2.896551724137931,-1.6896551724137931,-8.009012523404679e-8 - 4.5117786923504486e-7im,2.013305738592355e-6 - 8.788420233414961e-7im,1.9332156133583082e-6 - 1.330019892576541e-6im
-2.896551724137931,-1.5862068965517242,-3.590961683538789e-8 - 4.515407592488144e-7im,2.0493576103029096e-6 - 8.39835048635269e-7im,2.0134479934675215e-6 - 1.2913758078840835e-6im
-2.896551724137931,-1.4827586206896552,8.395286492657876e-9 - 4.479785680339104e-7im,2.084473046706569e-6 - 7.986017324747846e-7im,2.092868333199227e-6 - 1.2465803005086951e-6im
-2.896551724137931,-1.3793103448275863,5.245948130771488e-8 - 4.4038795725521213e-7im,2.1184755624414505e-6 - 7.551338081737919e-7im,2.1709350437491655e-6 - 1.195521765429004e-6im
-2.896551724137931,-1.2758620689655173,9.58908476551378e-8 - 4.2870309674542444e-7im,2.15117628711815e-6 - 7.094402710815468e-7im,2.2470671347732878e-6 - 1.1381433678269712e-6im
-2.896551724137931,-1.1724137931034482,1.3827421597021973e-7 - 4.1290115861871666e-7im,2.1823737355602303e-6 - 6.615497704925763e-7im,2.32064795153045e-6 - 1.074450929111293e-6im
-2.896551724137931,-1.0689655172413792,1.7917657573490035e-7 - 3.9300830682224537e-7im,2.2118701845459443e-6 - 6.11511598444692e-7im,2.3910467602808446e-6 - 1.0045199052669373e-6im
-2.896551724137931,-0.9655172413793104,2.1815389906756754e-7 - 3.6910446402353755e-7im,2.23946180276347e-6 - 5.593989137775264e-7im,2.4576157018310372e-6 - 9.28503377801064e-7im
-2.896551724137931,-0.8620689655172413,2.547579776924012e-7 - 3.413268055039788e-7im,2.264944805927713e-6 - 5.053096087292682e-7im,2.5197027836201143e-6 - 8.466364142332471e-7im
-2.896551724137931,-0.7586206896551724,2.8854605711681105e-7 - 3.098729116240622e-7im,2.288123818560382e-6 - 4.493652984187479e-7im,2.576669875677193e-6 - 7.592382100428101e-7im
-2.896551724137931,-0.6551724137931034,3.190899763966043e-7 - 2.750019029282587e-7im,2.3088096266104857e-6 - 3.9171255221669924e-7im,2.62789960300709e-6 - 6.66714455144958e-7im
-2.896551724137931,-0.5517241379310345,3.459860816937618e-7 - 2.3703346222523007e-7im,2.326824497984894e-6 - 3.3252982910725723e-7im,2.672810579678656e-6 - 5.695632913324873e-7im
-2.896551724137931,-0.4482758620689655,3.6886638468513473e-7 - 1.9634570899486998e-7im,2.342008095551149e-6 - 2.7200881521102937e-7im,2.710874480236284e-6 - 4.6835452420589934e-7im
-2.896551724137931,-0.3448275862068966,3.874085259609359e-7 - 1.5337007244539573e-7im,2.3542203358724876e-6 - 2.1037100796972707e-7im,2.7416288618334234e-6 - 3.637410804151228e-7im
-2.896551724137931,-0.2413793103448276,4.013436646439207e-7 - 1.085848544575672e-7im,2.363345673444682e-6 - 1.4785342918934097e-7im,2.7646893380886027e-6 - 2.564382836469082e-7im
-2.896551724137931,-0.13793103448275862,4.10466850399729e-7 - 6.250639667240441e-8im,2.3692958880096323e-6 - 8.470909454751883e-8im,2.779762738409361e-6 - 1.4721549121992323e-7im
-2.896551724137931,-0.034482758620689655,4.14641618037825e-7 - 1.567894683255025e-8im,2.372012530549345e-6 - 2.1202553747529354e-8im,2.78665414858717e-6 - 3.688150058007961e-8im
-2.896551724137931,0.06896551724137931,4.1380528621283045e-7 + 3.133690192665465e-8im,2.371468601587603e-6 + 4.23949718547465e-8im,2.7852738878004335e-6 + 7.373187378140116e-8im
-2.896551724137931,0.1724137931034483,4.079701046890796e-7 + 7.797640635679226e-8im,2.3676695936138926e-6 + 1.0581068739105617e-7im,2.775639698302972e-6 + 1.8378709374784843e-7im
-2.896551724137931,0.27586206896551724,3.972244904596045e-7 + 1.236831414733698e-7im,2.360652821534355e-6 + 1.6877515268946232e-7im,2.7578773119939596e-6 + 2.924582941628321e-7im
-2.896551724137931,0.3793103448275862,3.8172762594874147e-7 + 1.6792078749420903e-7im,2.350487367673131e-6 + 2.3102692875739526e-7im,2.7322149936218725e-6 + 3.989477162516043e-7im
-2.896551724137931,0.4827586206896552,3.6170677163496667e-7 + 2.1018484478788018e-7im,2.337270608565207e-6 + 2.9231797686250647e-7im,2.698977380200174e-6 + 5.025028216503866e-7im
-2.896551724137931,0.5862068965517241,3.3744953083248117e-7 + 2.500116182376533e-7im,2.321126611219339e-6 + 3.5241652571721723e-7im,2.65857614205182e-6 + 6.024281439548705e-7im
-2.896551724137931,0.6896551724137931,3.092947552477331e-7 + 2.869867055584017e-7im,2.3022027565204344e-6 + 4.1110922562757616e-7im,2.6114975117681677e-6 + 6.980959311859778e-7im
-2.896551724137931,0.7931034482758621,2.776230831528577e-7 + 3.2075127999946123e-7im,2.2806654234684084e-6 + 4.68210794043632e-7im,2.5582885066212662e-6 + 7.889620740430933e-7im
-2.896551724137931,0.896551724137931,2.4284788734342887e-7 + 3.5100552400654093e-7im,2.256696988303607e-6 + 5.235520247210876e-7im,2.499544875647036e-6 + 8.745575487276285e-7im
-2.896551724137931,1.0,2.0540304389344628e-7 + 3.77510834356304e-7im,2.2304888456199063e-6 + 5.769948770652769e-7im,2.4358918895133527e-6 + 9.54505711421581e-7im
-2.793103448275862,-2.0,-2.2225341433584612e-7 - 4.709956793096243e-7im,1.932807887539379e-6 - 1.0219210667328365e-6im,1.7105544732035328e-6 - 1.4929167460424608e-6im
-2.793103448275862,-1.896551724137931,-1.7685810277011384e-7 - 4.834917845845611e-7im,1.972851836944986e-6 - 9.890441069282656e-7im,1.795993734174872e-6 - 1.4725358915128267e-6im
-2.793103448275862,-1.793103448275862,-1.3022058146890505e-7 - 4.922759537068173e-7im,2.0124953880773265e-6 - 9.539019350160136e-7im,1.8822748066084215e-6 - 1.4461778887228309e-6im
-2.793103448275862,-1.6896551724137931,-8.263040107593609e-8 - 4.971323492150933e-7im,2.0515824559879974e-6 - 9.164345304226282e-7im,1.9689520549120614e-6 - 1.4135668796377215e-6im
-2.793103448275862,-1.5862068965517242,-3.441487080010141e-8 - 4.978655686124886e-7im,2.0899392535934924e-6 - 8.765930000255045e-7im,2.055524382793391e-6 - 1.374458568637993e-6im
-2.793103448275862,-1.4827586206896552,1.4061104892285406e-8 - 4.9430693385316e-7im,2.1273815481802466e-6 - 8.343422566312656e-7im,2.141442653072532e-6 - 1.3286491904844256e-6im
-2.793103448275862,-1.3793103448275863,6.239650658158924e-8 - 4.863214011019723e-7im,2.163713312208469e-6 - 7.896631102561123e-7im,2.226109818790058e-6 - 1.2759845113580846e-6im
-2.793103448275862,-1.2758620689655173,1.1015686028865638e-7 - 4.738147468793407e-7im,2.198730869870635e-6 - 7.425552552916717e-7im,2.3088877301592915e-6 - 1.2163700021710123e-6im
-2.793103448275862,-1.1724137931034482,1.568782929945609e-7 - 4.5674076344161827e-7im,2.2322089073441806e-6 - 6.930401651529173e-7im,2.3890872003387415e-6 - 1.1497809285945356e-6im
-2.793103448275862,-1.0689655172413792,2.0207300142750972e-7 - 4.351080037159168e-7im,2.263928281605758e-6 - 6.411625493921412e-7im,2.466001283033268e-6 - 1.076270553108058e-6im
-2.793103448275862,-0.9655172413793104,2.4523724441805994e-7 - 4.0898640443884903e-7im,2.2936541537100412e-6 - 5.869950187640132e-7im,2.5388913981281013e-6 - 9.959814232028622e-7im
-2.793103448275862,-0.8620689655172413,2.858590014988431e-7 - 3.785121935071328e-7im,2.321160326885092e-6 - 5.306363422776013e-7im,2.607019328383935e-6 - 9.091485357847342e-7im
-2.793103448275862,-0.7586206896551724,3.234292839836099e-7 - 3.438919704402113e-7im,2.3462237106348575e-6 - 4.722095592049909e-7im,2.6696529946184674e-6 - 8.161015296452022e-7im
-2.793103448275862,-0.6551724137931034,3.574530500452252e-7 - 3.054048462846347e-7im,2.368625866904926e-6 - 4.11889942506172e-7im,2.7260789169501514e-6 - 7.172947887908067e-7im
-2.793103448275862,-0.5517241379310345,3.874612234814002e-7 - 2.634018567370542e-7im,2.3881639057436023e-6 - 3.4984936640483665e-7im,2.7756251292250026e-6 - 6.132512231418908e-7im
-2.793103448275862,-0.4482758620689655,4.130241985109701e-7 - 2.183039279386446e-7im,2.404651603286836e-6 - 2.8631009616233837e-7im,2.8176758017978063e-6 - 5.04614024100983e-7im
-2.793103448275862,-0.3448275862068966,4.337641531797926e-7 - 1.705961808493437e-7im,2.417926329093234e-6 - 2.2151490764700592e-7im,2.851690482273027e-6 - 3.921110884963496e-7im
-2.793103448275862,-0.2413793103448276,4.493650671003634e-7 - 1.2082043874863217e-7im,2.427853714918955e-6 - 1.557301063209365e-7im,2.8772187820193186e-6 - 2.7655054506956866e-7im
-2.793103448275862,-0.13793103448275862,4.5958533648154905e-7 - 6.9564753023292e-8im,2.434330601063682e-6 - 8.923848881580772e-8im,2.8939159375452313e-6 - 1.588032418390997e-7im
-2.793103448275862,-0.034482758620689655,4.6426385009185045e-7 - 1.745117194467415e-8im,2.4372886851087026e-6 - 2.233815819548043e-8im,2.901552535200553e-6 - 3.978933014015458e-8im
-2.793103448275862,0.06896551724137931,4.633265019867217e-7 + 3.487831490673081e-8im,2.4366963624476836e-6 + 4.466488764784691e-8im,2.900022864434405e-6 + 7.954320255457773e-8im
-2.793103448275862,0.1724137931034483,4.567880376453395e-7 + 8.6776580905533e-8im,2.4325600651490842e-6 + 1.114627002754122e-7im,2.8893481027944235e-6 + 1.9823928118094518e-7im
-2.793103448275862,0.27586206896551724,4.447522438123512e-7 + 1.3760667043450028e-7im,2.4249234792184545e-6 + 1.7775144952395182e-7im,2.8696757230308057e-6 + 3.153581199584521e-7im
-2.793103448275862,0.3793103448275862,4.2740763116689617e-7 + 1.867562990397937e-7im,2.413867330105509e-6 + 2.432372249681308e-7im,2.8412749612724053e-6 + 4.299935240079245e-7im
-2.793103448275862,0.4827586206896552,4.0502164853333684e-7 + 2.3365175904122084e-7im,2.399505214378177e-6 + 3.076420299879886e-7im,2.804526862911514e-6 + 5.412937890292094e-7im
-2.793103448275862,0.5862068965517241,3.779320873284791e-7 + 2.777689464058047e-7im,2.381981511084139e-6 + 3.707072948039495e-7im,2.759913598412618e-6 + 6.484762412097543e-7im
-2.793103448275862,0.6896551724137931,3.4653558062711454e-7 + 3.186432973105928e-7im,2.361467310090332e-6 + 4.32196692213553e-7im,2.7080028907174465e-6 + 7.508399895241458e-7im
-2.793103448275862,0.7931034482758621,3.112759171702682e-7 + 3.5587697837060495e-7im,2.3381540694944128e-6 + 4.919087168743465e-7im,2.649429986664681e-6 + 8.477856952449515e-7im
-2.793103448275862,0.896551724137931,2.7263249248456925e-7 + 3.891426104394187e-7im,2.3122522749070496e-6 + 5.496586643017016e-7im,2.584884767391619e-6 + 9.388012747411203e-7im
-2.793103448275862,1.0,2.3110633734891586e-7 + 4.181853725559262e-7im,2.283980451226131e-6 + 6.053000293697686e-7im,2.515086788575047e-6 + 1.0234854019256947e-6im
-2.689655172413793,-2.0,-2.3731935742131568e-7 - 5.174633466389388e-7im,1.9646889070418177e-6 - 1.063238541555378e-6im,1.727369549620502e-6 - 1.580701888194317e-6im
-2.689655172413793,-1.896551724137931,-1.8819730641192589e-7 - 5.314556380807858e-7im,2.0070390849014518e-6 - 1.0300714690998085e-6im,1.818841778489526e-6 - 1.5615271071805942e-6im
-2.689655172413793,-1.793103448275862,-1.375894566309075e-7 - 5.414581813217917e-7im,2.0490586764336407e-6 - 9.94484640081419e-7im,1.911469219802733e-6 - 1.5359428214032108e-6im
-2.689655172413793,-1.6896551724137931,-8.580227043703945e-8 - 5.472144760431646e-7im,2.090584335851709e-6 - 9.564031137342605e-7im,2.0047820654146695e-6 - 1.503617589777425e-6im
-2.689655172413793,-1.5862068965517242,-3.318661145580902e-8 - 5.484878561800072e-7im,2.1314316503347265e-6 - 9.157629753572139e-7im,2.0982450388789176e-6 - 1.464250831537221e-6im
-2.689655172413793,-1.4827586206896552,1.9861857058670333e-8 - 5.450689723171092e-7im,2.1713981947133407e-6 - 8.725142349806256e-7im,2.191260051772011e-6 - 1.4175832072977348e-6im
-2.689655172413793,-1.3793103448275863,7.290356760052365e-8 - 5.367839071207563e-7im,2.2102699518215332e-6 - 8.266245098956927e-7im,2.283173519422057e-6 - 1.3634084170164488e-6im
-2.689655172413793,-1.2758620689655173,1.2545782871535662e-7 - 5.235030153870172e-7im,2.2478175960978228e-6 - 7.780817065865768e-7im,2.373275424813179e-6 - 1.301584721973594e-6im
-2.689655172413793,-1.1724137931034482,1.770059064124933e-7 - 5.051492518377469e-7im,2.2838033675397265e-6 - 7.268972187346669e-7im,2.46080927395222e-6 - 1.2320464705724139e-6im
-2.689655172413793,-1.0689655172413792,2.2699872679041363e-7 - 4.817076791244184e-7im,2.317972880614845e-6 - 6.731098382667138e-7im,2.544971607405259e-6 - 1.1548175173911321e-6im
-2.689655172413793,-0.9655172413793104,2.7486339700908734e-7 - 4.5323270415243073e-7im,2.350065539342898e-6 - 6.167872981895528e-7im,2.6249289363519854e-6 - 1.0700200023419835e-6im
-2.689655172413793,-0.8620689655172413,3.200139677254509e-7 - 4.198556856298509e-7im,2.3798213672049097e-6 - 5.580305774764382e-7im,2.6998353349303607e-6 - 9.778862631062891e-7im
-2.689655172413793,-0.7586206896551724,3.6186356640402694e-7 - 3.8179013753531286e-7im,2.406986773410664e-6 - 4.969710661621067e-7im,2.768850339814691e-6 - 8.787612036974195e-7im
-2.689655172413793,-0.6551724137931034,3.9983804056715494e-7 - 3.3933528237105295e-7im,2.431310190656605e-6 - 4.337857709164455e-7im,2.83114823122376e-6 - 7.731210532874984e-7im
-2.689655172413793,-0.5517241379310345,4.3339008385122785e-7 - 2.9287607406970505e-7im,2.4525575894800583e-6 - 3.6867215038296376e-7im,2.8859476733312862e-6 - 6.615482244526688e-7im
-2.689655172413793,-0.4482758620689655,4.6201595818832746e-7 - 2.428814574820591e-7im,2.4705124706478887e-6 - 3.0187123073043664e-7im,2.932528428836216e-6 - 5.447526882124958e-7im
-2.689655172413793,-0.3448275862068966,4.852706738223274e-7 - 1.898980960670866e-7im,2.48498502002792e-6 - 2.3365322166976088e-7im,2.9702556938502477e-6 - 4.235513177368475e-7im
-2.689655172413793,-0.2413793103448276,5.027808269024699e-7 - 1.3454166183272812e-7im,2.49581808005992e-6 - 1.6431548966978614e-7im,2.99859890696239e-6 - 2.9885715150251427e-7im
-2.689655172413793,-0.13793103448275862,5.142600391881122e-7 - 7.74843691038104e-8im,2.502890389631557e-6 - 9.417772253975443e-8im,3.0171504288196694e-6 - 1.7166209164356484e-7im
-2.689655172413793,-0.034482758620689655,5.195170256360999e-7 - 1.9440125077998315e-8im,2.506121606465131e-6 - 2.3576792074128978e-8im,3.025638632101231e-6 - 4.3016917152127293e-8im
-2.689655172413793,0.06896551724137931,5.184636677650484e-7 + 3.885260348538304e-8im,2.505474531802847e-6 + 4.71406220629072e-8im,3.0239381995678955e-6 + 8.599322554829024e-8im
-2.689655172413793,0.1724137931034483,5.111175263569145e-7 + 9.664907074666397e-8im,2.500956735255563e-6 + 1.176253136400993e-7im,3.0120742616124777e-6 + 2.1427438438676328e-7im
-2.689655172413793,0.27586206896551724,4.976019443152312e-7 + 1.5321699873449147e-7im,2.4926199280126843e-6 + 1.8753072512017552e-7im,2.9902218723279156e-6 + 3.40747723854667e-7im
-2.689655172413793,0.3793103448275862,4.781405805328197e-7 + 2.0785452823330253e-7im,2.4805582187584243e-6 + 2.565323134823389e-7im,2.958698799291244e-6 + 4.6438684171564143e-7im
-2.689655172413793,0.4827586206896552,4.5305020658731073e-7 + 2.599069279797336e-7im,2.464905669794395e-6 + 3.2430976159996657e-7im,2.9179558763817055e-6 + 5.842166895797002e-7im
-2.689655172413793,0.5862068965517241,4.2272954632737243e-7 + 3.087801712122399e-7im,2.445830833916038e-6 + 3.9057677188029205e-7im,2.8685603802434104e-6 + 6.99356943092532e-7im
-2.689655172413793,0.6896551724137931,3.876450754724479e-7 + 3.5395255098706894e-7im,2.423533229885853e-6 + 4.5507088939706015e-7im,2.8111783053583007e-6 + 8.090234403841291e-7im
-2.689655172413793,0.7931034482758621,3.4831634786300245e-7 + 3.949829098116155e-7im,2.398234700351785e-6 + 5.175698015699191e-7im,2.746551048214787e-6 + 9.125527113815346e-7im
-2.689655172413793,0.896551724137931,3.0530163893019594e-7 + 4.3151458111107707e-7im,2.3701786705570153e-6 + 5.778789660574056e-7im,2.6754803094872113e-6 + 1.0093935471684827e-6im
-2.689655172413793,1.0,2.59181005229469e-7 + 4.632771737578599e-7im,2.339614650466509e-6 + 6.35837654467955e-7im,2.5987956556959778e-6 + 1.099114828225815e-6im
-2.586206896551724,-2.0,-2.54141344355796e-7 - 5.676523154513088e-7im,1.9967466778953453e-6 - 1.1068934472905223e-6im,1.7426053335395492e-6 - 1.674545762741831e-6im
-2.586206896551724,-1.896551724137931,-2.0102944627592056e-7 - 5.834114357097975e-7im,2.0415524989471064e-6 - 1.0735202452172913e-6im,1.840523052671186e-6 - 1.656931680927089e-6im
-2.586206896551724,-1.793103448275862,-1.46145045771531e-7 - 5.948900101055026e-7im,2.086116054191822e-6 - 1.0375642221358366e-6im,1.939971008420291e-6 - 1.6324542322413392e-6im
-2.586206896551724,-1.6896551724137931,-8.981006556885365e-8 - 6.017840818777584e-7im,2.130265964023938e-6 - 9.98933124191568e-7im,2.0404558984550842e-6 - 1.6007172060693264e-6im
-2.586206896551724,-1.5862068965517242,-3.2398499919858855e-8 - 6.038083180797321e-7im,2.1738001148462486e-6 - 9.575441440792012e-7im,2.14140161492639e-6 - 1.5613524621589332e-6im
-2.586206896551724,-1.4827586206896552,2.5662366719783008e-8 - 6.007045150303298e-7im,2.2165050298601838e-6 - 9.133304669979736e-7im,2.2421673965799666e-6 - 1.5140349820283035e-6im
-2.586206896551724,-1.3793103448275863,8.389211520761201e-8 - 5.922512180372449e-7im,2.2581480040584128e-6 - 8.662430097699444e-7im,2.342040119266025e-6 - 1.4584942278071894e-6im
-2.586206896551724,-1.2758620689655173,1.417593860630536e-7 - 5.782742781139072e-7im,2.298471415992119e-6 - 8.1625408585488e-7im,2.4402308020551724e-6 - 1.3945283639687872e-6im
-2.586206896551724,-1.1724137931034482,1.9868514943449825e-7 - 5.586573755569894e-7im,2.3372140304492973e-6 - 7.633624974169799e-7im,2.5358991798837957e-6 - 1.3220198729739692e-6im
-2.586206896551724,-1.0689655172413792,2.540504131279199e-7 - 5.333535541427495e-7im,2.374089514612371e-6 - 7.075965323077741e-7im,2.628139927740291e-6 - 1.2409500864505237e-6im
-2.586206896551724,-0.9655172413793104,3.072033678847633e-7 - 5.023947897235449e-7im,2.4088087024912064e-6 - 6.490186996004426e-7im,2.71601207037597e-6 - 1.1514134893239874e-6im
-2.586206896551724,-0.8620689655172413,3.5747194557043645e-7 - 4.659019590168122e-7im,2.4410760036107435e-6 - 5.877292316637282e-7im,2.79854794918118e-6 - 1.0536311906805404e-6im
-2.586206896551724,-0.7586206896551724,4.0417775527392973e-7 - 4.2409217499577435e-7im,2.4705938432090527e-6 - 5.238659755296925e-7im,2.8747715984829825e-6 - 9.479581505254668e-7im
-2.586206896551724,-0.6551724137931034,4.4665240936555506e-7 - 3.7728405698417446e-7im,2.4970750713597905e-6 - 4.5761308954903184e-7im,2.9437274807253457e-6 - 8.348971465332062e-7im
-2.586206896551724,-0.5517241379310345,4.842547999327172e-7 - 3.2589886682960026e-7im,2.520248372011979e-6 - 3.8918752802514575e-7im,3.0045031719446962e-6 - 7.15086394854746e-7im
-2.586206896551724,-0.4482758620689655,5.163914850439217e-7 - 2.7045929164006815e-7im,2.539860735996124e-6 - 3.188544682671716e-7im,3.0562522210400457e-6 - 5.893137599072397e-7im
-2.586206896551724,-0.3448275862068966,5.425354805604514e-7 - 2.1158259288226552e-7im,2.5556896030267138e-6 - 2.4691495213574804e-7im,3.0982250835871652e-6 - 4.5849754501801356e-7im
-2.586206896551724,-0.2413793103448276,5.622434455582392e-7 - 1.499707529257916e-7im,2.567550003892627e-6 - 1.7370302743444544e-7im,3.129793449450866e-6 - 3.23673780360237e-7im
-2.586206896551724,-0.13793103448275862,5.751737141331077e-7 - 8.639507072985269e-8im,2.575298603449803e-6 - 9.958163182830127e-8im,3.1504723175829107e-6 - 1.8597670255815398e-7im
-2.586206896551724,-0.034482758620689655,5.81098025080765e-7 - 2.167859444902418e-8im,2.578840311463052e-6 - 2.4932288505180254e-8im,3.1599383365438173e-6 - 4.6610882954204435e-8im
-2.586206896551724,0.06896551724137931,5.799108168900877e-7 + 4.3325210228123006e-8im,2.578130986114188e-6 + 4.984979864082669e-8im,3.1580418030042756e-6 + 9.31750088689497e-8im
-2.586206896551724,0.1724137931034483,5.716332240638304e-7 + 1.0775518323217642e-7im,2.5731795710414334e-6 + 1.2436673774428718e-7im,3.1448127951052636e-6 + 2.321219209764636e-7im
-2.586206896551724,0.27586206896551724,5.564125574080362e-7 + 1.7076553921955732e-7im,2.5640491684849276e-6 + 1.9822302023362382e-7im,3.1204617258929637e-6 + 3.6898855945318114e-7im
-2.586206896551724,0.3793103448275862,5.345160733258825e-7 + 2.3154829125004407e-7im,2.55084598993105e-6 + 2.710534027907742e-7im,3.0853620632569325e-6 + 5.026016940408183e-7im
-2.586206896551724,0.4827586206896552,5.06320667945763e-7 + 2.893533885662105e-7im,2.533733262133803e-6 + 3.424930751694588e-7im,3.040053930079566e-6 + 6.318464637356693e-7im
-2.586206896551724,0.5862068965517241,4.7229986050485015e-7 + 3.4350557033128497e-7im,2.5129075835947143e-6 + 4.12221987475937e-7im,2.9852074440995646e-6 + 7.557275578072219e-7im
-2.586206896551724,0.6896551724137931,4.330047997280785e-7 + 3.9341818552428446e-7im,2.48860226746979e-6 + 4.799510662522273e-7im,2.9216070671978686e-6 + 8.733692517765117e-7im
-2.586206896551724,0.7931034482758621,3.890466825694662e-7 + 4.3860200165602255e-7im,2.461077844837736e-6 + 5.454293819690755e-7im,2.8501245274072024e-6 + 9.84031383625098e-7im
-2.586206896551724,0.896551724137931,3.410781480165117e-7 + 4.786697836696266e-7im,2.4306114317577503e-6 + 6.084529751517129e-7im,2.771689579774262e-6 + 1.0871227588213394e-6im
-2.586206896551724,1.0,2.8977265146258387e-7 + 5.133371272038285e-7im,2.3974934421140094e-6 + 6.688518976765013e-7im,2.6872660935765933e-6 + 1.18218902488033e-6im
-2.4827586206896552,-2.0,-2.730159492977276e-7 - 6.218078226615213e-7im,2.028883103320697e-6 - 1.1530308231673573e-6im,1.7558671540229693e-6 - 1.7748386458288787e-6im
-2.4827586206896552,-1.896551724137931,-2.156425424561228e-7 - 6.396495954029178e-7im,2.0763025594761236e-6 - 1.119553155192598e-6im,1.8606600170200007e-6 - 1.7592027505955159e-6im
-2.4827586206896552,-1.793103448275862,-1.5615995406593324e-7 - 6.529093776160386e-7im,2.123587469037486e-6 - 1.083321302972353e-6im,1.967427514971553e-6 - 1.7362306805883918e-6im
-2.4827586206896552,-1.6896551724137931,-9.490334006478537e-8 - 6.612280544404007e-7im,2.170554482042666e-6 - 1.044222315947286e-6im,2.075651141977881e-6 - 1.7054503703876867e-6im
-2.4827586206896552,-1.5862068965517242,-3.226856130558355e-8 - 6.642629541282606e-7im,2.2169945872564634e-6 - 1.0021530244829316e-6im,2.18472602595088e-6 - 1.6664159786111923e-6im
-2.4827586206896552,-1.4827586206896552,3.128534338300218e-8 - 6.616973561552173e-7im,2.2626730145999044e-6 - 9.570243971266647e-7im,2.2939583579829068e-6 - 1.6187217532818819e-6im
-2.4827586206896552,-1.3793103448275863,9.523531555401664e-8 - 6.532518862896011e-7im,2.3073377926295346e-6 - 9.087671164454702e-7im,2.402573108183551e-6 - 1.5620190027350714e-6im
-2.4827586206896552,-1.2758620689655173,1.589950873390614e-7 - 6.386967886715255e-7im,2.3507091868298114e-6 - 8.573342171614863e-7im,2.509704274168873e-6 - 1.4960310058330119e-6im
-2.4827586206896552,-1.1724137931034482,2.219196471026163e-7 - 6.178657452262465e-7im,2.3924900656063988e-6 - 8.027075754003542e-7im,2.6144097127090153e-6 - 1.4205733206266007e-6im
-2.4827586206896552,-1.0689655172413792,2.833107494354742e-7 - 5.906690596947546e-7im,2.4323677870053676e-6 - 7.449019991217606e-7im,2.715678536440842e-6 - 1.3355710588165152e-6im
-2.4827586206896552,-0.9655172413793104,3.424263336157952e-7 - 5.571069083875577e-7im,2.4700111040992194e-6 - 6.839704779789903e-7im,2.8124374377150145e-6 - 1.241077386366548e-6im
-2.4827586206896552,-0.8620689655172413,3.984941538194239e-7 - 5.172820390696222e-7im,2.505080024042774e-6 - 6.200093532660144e-7im,2.9035741778621977e-6 - 1.1372913923356366e-6im
-2.4827586206896552,-0.7586206896551724,4.507279022847253e-7 - 4.714099609467262e-7im,2.537239379829747e-6 - 5.531603075365774e-7im,2.9879672821144724e-6 - 1.0245702684833037e-6im
-2.4827586206896552,-0.6551724137931034,4.983465886788295e-7 - 4.198267831905988e-7im,2.566152788821597e-6 - 4.836179215024041e-7im,3.0644993775004264e-6 - 9.034447046930028e-7im
-2.4827586206896552,-0.5517241379310345,5.405962231796197e-7 - 3.6299206862344926e-7im,2.5915048717434993e-6 - 4.116168429658795e-7im,3.132101094923119e-6 - 7.746089115893288e-7im
-2.4827586206896552,-0.4482758620689655,5.767740846314366e-7 - 3.0148837087423403e-7im,2.6129980997911404e-6 - 3.3745009758891864e-7im,3.189772184422577e-6 - 6.389384684631527e-7im
-2.4827586206896552,-0.3448275862068966,6.062529674963737e-7 - 2.3601417249825133e-7im,2.630370124155305e-6 - 2.6145329704591395e-7im,3.236623091651679e-6 - 4.974674695441653e-7im
-2.4827586206896552,-0.2413793103448276,6.285031158677666e-7 - 1.6737228717068188e-7im,2.643401733092348e-6 - 1.8400386667189168e-7im,3.2719048489601146e-6 - 3.5137615384257357e-7im
-2.4827586206896552,-0.13793103448275862,6.431143958281448e-7 - 9.645168350484456e-8im,2.6519224450137875e-6 - 1.0551494843659542e-7im,3.2950368408419326e-6 - 2.0196663194143997e-7im
-2.4827586206896552,-0.034482758620689655,6.498123907081073e-7 - 2.4205717929596714e-8im,2.6558189106749127e-6 - 2.6421002835615035e-8im,3.30563130138302e-6 - 5.0626720765211746e-8im
-2.4827586206896552,0.06896551724137931,6.484699642333505e-7 + 4.837425600452098e-8im,2.655038439829243e-6 + 5.2825066687972474e-8im,3.3035084040625934e-6 + 1.0119932269249346e-7im
-2.4827586206896552,0.1724137931034483,6.39112565312882e-7 + 1.202872629896001e-7im,2.649591694764024e-6 + 1.3176730783891932e-7im,3.2887042600769057e-6 + 2.520545708285194e-7im
-2.4827586206896552,0.27586206896551724,6.219175802421989e-7 + 1.905515025088897e-7im,2.6395516521932083e-6 + 2.099570216284292e-7im,3.2614692324354073e-6 + 4.005085241373189e-7im
-2.4827586206896552,0.3793103448275862,5.972060630822362e-7 + 2.582324659127663e-7im,2.6250518424008995e-6 + 2.8696634867779526e-7im,3.2222579054831354e-6 + 5.451988145905616e-7im
-2.4827586206896552,0.4827586206896552,5.654299736812335e-7 + 3.224675438907733e-7im,2.6062792647934197e-6 + 3.6239331605562017e-7im,3.171709238474653e-6 + 6.848608599463935e-7im
-2.4827586206896552,0.5862068965517241,5.271543025528661e-7 + 3.8248697673181775e-7im,2.5834687422262186e-6 + 4.35873334846033e-7im,3.1106230447790845e-6 + 8.183603115778507e-7im
-2.4827586206896552,0.6896551724137931,4.830339825532372e-7 + 4.3762985324064336e-7im,2.556895346434051e-6 + 5.070851079461198e-7im,3.039929328987288e-6 + 9.447149611867631e-7im
-2.4827586206896552,0.7931034482758621,4.337912547029413e-7 + 4.873543698081947e-7im,2.5268637678473636e-6 + 5.757534378655729e-7im,2.960655022550305e-6 + 1.0631078076737678e-6im
-2.4827586206896552,0.896551724137931,3.801919790842851e-7 + 5.312419657418533e-7im,2.493697006378117e-6 + 6.416585516803105e-7im,2.8738889854624024e-6 + 1.1729005174221639e-6im
-2.4827586206896552,1.0,3.2302118812282836e-7 + 5.689974541941571e-7im,2.4577327767513374e-6 + 7.046232589581312e-7im,2.780753964874166e-6 + 1.2736207131522883e-6im
-2.3793103448275863,-2.0,-2.942863230560697e-7 - 6.80179355638468e-7im,2.0609867579159878e-6 - 1.2018024986863822e-6im,1.766700434859918e-6 - 1.8819818543248502e-6im
-2.3793103448275863,-1.896551724137931,-2.3237443716096568e-7 - 7.004711967526395e-7im,2.1111828300279385e-6 - 1.1683410016803253e-6im,1.8788083928669728e-6 - 1.868812198432965e-6im
-2.3793103448275863,-1.793103448275862,-1.679590496711113e-7 - 7.158724752015039e-7im,2.161375341706885e-6 - 1.131947462294959e-6im,1.9934162920357737e-6 - 1.847819937496463e-6im
-2.3793103448275863,-1.6896551724137931,-1.0138530591846752e-7 - 7.259601932324138e-7im,2.2113686081068945e-6 - 1.0924845512698404e-6im,2.109983302188427e-6 - 1.8184447445022542e-6im
-2.3793103448275863,-1.5862068965517242,-3.3068441557806315e-8 - 7.303243150518706e-7im,2.2609429945690136e-6 - 1.0498236204321996e-6im,2.2278745530112073e-6 - 1.7801479354840703e-6im
-2.3793103448275863,-1.4827586206896552,3.650170973006309e-8 - 7.285783419456816e-7im,2.3098499408747244e-6 - 1.003850830103911e-6im,2.3463516506047873e-6 - 1.7324291720495926e-6im
-2.3793103448275863,-1.3793103448275863,1.0675828489593852e-7 - 7.203724051810477e-7im,2.357815349727775e-6 - 9.544712938986163e-7im,2.4645736346237135e-6 - 1.674843699079664e-6im
-2.3793103448275863,-1.2758620689655173,1.770574891044519e-7 - 7.054082326013625e-7im,2.404531409349645e-6 - 9.016136631681862e-7im,2.581588898454097e-6 - 1.6070218957695489e-6im
-2.3793103448275863,-1.1724137931034482,2.466805900084014e-7 - 6.834550378210204e-7im,2.449667978674868e-6 - 8.452377565003177e-7im,2.6963485686832696e-6 - 1.5286927943213382e-6im
-2.3793103448275863,-1.0689655172413792,3.148415122522074e-7 - 6.543672551422154e-7im,2.492877668431875e-6 - 7.853401111842099e-7im,2.8077191806840824e-6 - 1.4397073663264253e-6im
-2.3793103448275863,-0.9655172413793104,3.8069481969041636e-7 - 6.181007169228994e-7im,2.5337813508867343e-6 - 7.219598104487192e-7im,2.914476170577151e-6 - 1.3400605273716185e-6im
-2.3793103448275863,-0.8620689655172413,4.4335146311244613e-7 - 5.747294292401473e-7im,2.571995881467616e-6 - 6.551853667964391e-7im,3.015347344580062e-6 - 1.2299147960365865e-6im
-2.3793103448275863,-0.7586206896551724,5.018978297703008e-7 - 5.244598470246217e-7im,2.6071303187667783e-6 - 5.851623952175259e-7im,3.1090281485370793e-6 - 1.1096222422421476e-6im
-2.3793103448275863,-0.6551724137931034,5.554182197378442e-7 - 4.676416290873573e-7im,2.638798144963738e-6 - 5.120867720890403e-7im,3.1942163647015825e-6 - 9.797284011763977e-7im
-2.3793103448275863,-0.5517241379310345,6.030218002824271e-7 - 4.0477386083166006e-7im,2.6666254853659873e-6 - 4.362200071787713e-7im,3.269647285648414e-6 - 8.409938680104313e-7im
-2.3793103448275863,-0.4482758620689655,6.438723322986181e-7 - 3.365054093051548e-7im,2.6902630494892365e-6 - 3.5788249034624844e-7im,3.3341353817878545e-6 - 6.943878996514032e-7im
-2.3793103448275863,-0.3448275862068966,6.772189618818975e-7 - 2.636281012712029e-7im,2.709399825813397e-6 - 2.774505529728589e-7im,3.386618787695294e-6 - 5.410786542440618e-7im
-2.3793103448275863,-0.2413793103448276,7.024243266855211e-7 - 1.8706332794455175e-7im,2.723773813010732e-6 - 1.9535083237136708e-7im,3.426198139696253e-6 - 3.8241416031591883e-7im
-2.3793103448275863,-0.13793103448275862,7.189932233303868e-7 - 1.0784005965279271e-7im,2.7331809084196046e-6 - 1.1205474798049429e-7im,3.4521741317499914e-6 - 2.19894807633287e-7im
-2.3793103448275863,-0.034482758620689655,7.265930056501944e-7 - 2.7068498854061936e-8im,2.7374850300338218e-6 - 2.8062413850039543e-8im,3.464078035684016e-6 - 5.5130912704101475e-8im
-2.3793103448275863,0.06896551724137931,7.250696079305082e-7 + 5.4093525753773116e-8im,2.7366227898429297e-6 + 5.61052959379527e-8im,3.4616923977734377e-6 + 1.1019882169172581e-7im
-2.3793103448275863,0.1724137931034483,7.144539217689683e-7 + 1.3447594826043297e-7im,2.7306070106983693e-6 + 1.3992275823184017e-7im,3.4450609324673377e-6 + 2.7439870649227314e-7im
-2.3793103448275863,0.27586206896551724,6.949609222486206e-7 + 2.1293295251034762e-7im,2.719525503987627e-6 + 2.2287410501320863e-7im,3.414486426236248e-6 + 4.3580705752355625e-7im
-2.3793103448275863,0.3793103448275862,6.669792976902575e-7 + 2.8837820163933584e-7im,2.7035382934988528e-6 + 3.044687090159751e-7im,3.3705175911891104e-6 + 5.928469106553109e-7im
-2.3793103448275863,0.4827586206896552,6.310542544688762e-7 + 3.5981557991386957e-7im,2.6828693274681725e-6 + 3.8424759583586633e-7im,3.3139235819370484e-6 + 7.440631757497359e-7im
-2.3793103448275863,0.5862068965517241,5.87864480007175e-7 + 4.263649278046859e-7im,2.6577983508110543e-6 + 4.618006774170667e-7im,3.2456628308182293e-6 + 8.881656052217526e-7im
-2.3793103448275863,0.6896551724137931,5.381925103801628e-7 + 4.872809575098492e-7im,2.6286508795871414e-6 + 5.367694035075897e-7im,3.166843389967304e-6 + 1.024050361017439e-6im
-2.3793103448275863,0.7931034482758621,4.828959018044404e-7 + 5.419643116369086e-7im,2.5957855236865912e-6 + 6.088539520296559e-7im,3.0786814254910315e-6 + 1.1508182636665645e-6im
-2.3793103448275863,0.896551724137931,4.2287721397159294e-7 + 5.899660461425021e-7im,2.559580184746267e-6 + 6.77812955465455e-7im,2.98245739871786e-6 + 1.267779001607957e-6im
-2.3793103448275863,1.0,3.5905430658998193e-7 + 6.309852330687282e-7im,2.5204261820827656e-6 + 7.434690447798842e-7im,2.8794804886727475e-6 + 1.3744542778486124e-6im
-2.2758620689655173,-2.0,-3.183495920243414e-7 - 7.430153728124731e-7im,2.0929196669154074e-6 - 1.2533627433730043e-6im,1.774570074891066e-6 - 1.9963781161854772e-6im
-2.2758620689655173,-1.896551724137931,-2.516204036399171e-7 - 7.66184611556781e-7im,2.146063065303638e-6 - 1.220062008951541e-6im,1.8944426616637207e-6 - 1.986246620508322e-6im
-2.2758620689655173,-1.793103448275862,-1.8192832197634077e-7 - 7.841512246959362e-7im,2.1993561153572868e-6 - 1.1836448992551955e-6im,2.017427793380946e-6 - 1.9677961239511317e-6im
-2.2758620689655173,-1.6896551724137931,-1.0962284894322584e-7 - 7.964198475109492e-7im,2.2525964614759893e-6 - 1.1439464866657768e-6im,2.1429736125327635e-6 - 1.940366334176726e-6im
-2.2758620689655173,-1.5862068965517242,-3.513448728073165e-8 - 8.025018681863014e-7im,2.3055550152577737e-6 - 1.1008091554912852e-6im,2.2704205279770423e-6 - 1.9033110236775867e-6im
-2.2758620689655173,-1.4827586206896552,4.101858115457088e-8 - 8.019277564220601e-7im,2.3579668091109566e-6 - 1.054088450322465e-6im,2.3989853902655274e-6 - 1.8560162067445253e-6im
-2.2758620689655173,-1.3793103448275863,1.18226231765839e-7 - 7.942624501562901e-7im,2.4095343848324536e-6 - 1.003658144943639e-6im,2.5277606165982924e-6 - 1.7979205950999292e-6im
-2.2758620689655173,-1.2758620689655173,1.9578398357076817e-7 - 7.791225629118395e-7im,2.4599266051580477e-6 - 9.494173107628709e-7im,2.6557105887288156e-6 - 1.7285398736747104e-6im
-2.2758620689655173,-1.1724137931034482,2.728945195397748e-7 - 7.561962118040348e-7im,2.508775151415333e-6 - 8.912967822868539e-7im,2.781669670955108e-6 - 1.6474929940908886e-6im
-2.2758620689655173,-1.0689655172413792,3.486723883633629e-7 - 7.25264060588073e-7im,2.555686601860395e-6 - 8.292684692631689e-7im,2.9043589902237575e-6 - 1.554532529851242e-6im
-2.2758620689655173,-0.9655172413793104,4.2215555443680963e-7 - 6.862214287638851e-7im,2.6002412216892684e-6 - 7.633521548752501e-7im,3.022396776126078e-6 - 1.4495735836391351e-6im
-2.2758620689655173,-0.8620689655172413,4.923188831970363e-7 - 6.390991231189271e-7im,2.641992462662194e-6 - 6.936239601792329e-7im,3.1343113458592304e-6 - 1.33272308329816e-6im
-2.2758620689655173,-0.7586206896551724,5.580980533911394e-7 - 5.840833952663098e-7im,2.680492750817583e-6 - 6.202228254006401e-7im,3.2385908042087224e-6 - 1.2043062206669499e-6im
-2.2758620689655173,-0.6551724137931034,6.184158831440246e-7 - 5.215311999997705e-7im,2.7152886812040113e-6 - 5.433564599738304e-7im,3.3337045643480357e-6 - 1.0648876599736008e-6im
-2.2758620689655173,-0.5517241379310345,6.722143978767214e-7 - 4.519805038573939e-7im,2.7459414830266947e-6 - 4.6330408930486334e-7im,3.4181558809034163e-6 - 9.152845931622573e-7im
-2.2758620689655173,-0.4482758620689655,7.184938855687812e-7 - 3.761530645337815e-7im,2.7720368978733204e-6 - 3.804182397563313e-7im,3.4905307834421015e-6 - 7.565713042901128e-7im
-2.2758620689655173,-0.3448275862068966,7.563495941852062e-7 - 2.949478894631425e-7im,2.7932025625243888e-6 - 2.951219310311481e-7im,3.549552156709595e-6 - 5.900698204942906e-7im
-2.2758620689655173,-0.2413793103448276,7.850095196679069e-7 - 2.094262024478564e-7im,2.8091239976383702e-6 - 2.0790010702009868e-7im,3.5941335173062773e-6 - 4.1732630946795505e-7im
-2.2758620689655173,-0.13793103448275862,8.038710732069607e-7 - 1.2078485405314767e-7im,2.819554807965752e-6 - 1.1929335648333744e-7im,3.6234258811727126e-6 - 2.4007821053648513e-7im
-2.2758620689655173,-0.034482758620689655,8.125281776205474e-7 - 3.032382058805622e-8im,2.8243302435807905e-6 - 2.987988839763185e-8im,3.6368584212013377e-6 - 6.020370898568807e-8im
-2.2758620689655173,0.06896551724137931,8.107925635585571e-7 + 6.059649533449965e-8im,2.8233734358117386e-6 + 5.973713088768039e-8im,3.6341659993702956e-6 + 1.2033362622218004e-7im
-2.2758620689655173,0.1724137931034483,7.987019206620069e-7 + 1.505999958569343e-7im,2.81669993906669e-6 + 1.4894761522428974e-7im,3.6154018597286967e-6 + 2.995476110812241e-7im
-2.2758620689655173,0.27586206896551724,7.765189295529324e-7 + 2.3834155257404203e-7im,2.8044162266848985e-6 + 2.3715561679946132e-7im,3.5809351562378307e-6 + 4.7549716937350335e-7im
-2.2758620689655173,0.3793103448275862,7.447178513365827e-7 + 3.225514180152998e-7im,2.786715838934407e-6 + 3.2379331873376774e-7im,3.5314336902709898e-6 + 6.463447367490676e-7im
-2.2758620689655173,0.4827586206896552,7.03961085781677e-7 + 4.020743175188907e-7im,2.7638687761504345e-6 + 4.0833702399050007e-7im,3.4678298619321113e-6 + 8.104113415093907e-7im
-2.2758620689655173,0.5862068965517241,6.550691723672332e-7 + 4.759008581402078e-7im,2.7362105530285008e-6 + 4.903218006600347e-7im,3.391279725395734e-6 + 9.662226588002424e-7im
-2.2758620689655173,0.6896551724137931,5.989827962370174e-7 + 5.431898637274929e-7im,2.704129542174265e-6 + 5.693477711611325e-7im,3.303112338411282e-6 + 1.1125376348886255e-6im
-2.2758620689655173,0.7931034482758621,5.367254710603949e-7 + 6.032806440562522e-7im,2.6680477596251415e-6 + 6.450868131388695e-7im,3.2047732306855363e-6 + 1.2483674571951217e-6im
-2.2758620689655173,0.896551724137931,4.6936512174547434e-7 + 6.55696220287579e-7im,2.628413729207664e-6 + 7.172830912499369e-7im,3.097778850953138e-6 + 1.372979311537516e-6im
-2.2758620689655173,1.0,3.979783195410385e-7 + 7.001379113370012e-7im,2.5856795550740736e-6 + 7.857529465390025e-7im,2.983657874615112e-6 + 1.4858908578760038e-6im
-2.1724137931034484,-2.0,-3.4566170566873895e-7 - 8.105604241871265e-7im,2.1245273510656132e-6 - 1.3078703630046557e-6im,1.7788656453968743e-6 - 2.118430787191782e-6im
-2.1724137931034484,-1.896551724137931,-2.73841259552511e-7 - 8.370998997186474e-7im,2.180787914177755e-6 - 1.2748992941252097e-6im,1.9069466546252439e-6 - 2.111999193843857e-6im
-2.1724137931034484,-1.793103448275862,-1.9852458776730944e-7 - 8.581289301711145e-7im,2.23738087161931e-6 - 1.238624599678689e-6im,2.0388562838520004e-6 - 2.0967535298498035e-6im
-2.1724137931034484,-1.6896551724137931,-1.2005779689930592e-7 - 8.730694688036229e-7im,2.2941015069343366e-6 - 1.198849441023909e-6im,2.1740437100350305e-6 - 2.071918909827532e-6im
-2.1724137931034484,-1.5862068965517242,-3.888064848650924e-8 - 8.813412512160728e-7im,2.3507086247479565e-6 - 1.155381324235816e-6im,2.311827976261447e-6 - 2.036722575451889e-6im
-2.1724137931034484,-1.4827586206896552,4.446519863419622e-8 - 8.823770514968199e-7im,2.4069233704099945e-6 - 1.108039972339184e-6im,2.451388569044191e-6 - 1.990417023836004e-6im
-2.1724137931034484,-1.3793103448275863,1.2932839314905506e-7 - 8.756388905307304e-7im,2.462426685311201e-6 - 1.0566613391984812e-6im,2.591755078460256e-6 - 1.9323002297292115e-6im
-2.1724137931034484,-1.2758620689655173,2.149429884279772e-7 - 8.606387133332783e-7im,2.5168572365661935e-6 - 1.0011068996540047e-6im,2.731800224994171e-6 - 1.8617456129872831e-6im
-2.1724137931034484,-1.1724137931034482,3.0042759751570576e-7 - 8.369620771367397e-7im,2.569813097283099e-6 - 9.412716561413093e-7im,2.8702406947988047e-6 - 1.778233733278049e-6im
-2.1724137931034484,-1.0689655172413792,3.847883547959198e-7 - 8.042941980969648e-7im,2.620851034080887e-6 - 8.770941001010865e-7im,3.005639388876807e-6 - 1.6813882981980514e-6im
-2.1724137931034484,-0.9655172413793104,4.669291693703109e-7 - 7.624477908038387e-7im,2.6694959035704005e-6 - 8.08566892129638e-7im,3.1364250729407115e-6 - 1.5710146829334769e-6im
-2.1724137931034484,-0.8620689655172413,5.45668426812159e-7 - 7.113909828151298e-7im,2.7152405001909265e-6 - 7.357456652804265e-7im,3.2609089270030856e-6 - 1.4471366480955564e-6im
-2.1724137931034484,-0.7586206896551724,6.197631199499233e-7 - 6.51273745174917e-7im,2.7575609126725227e-6 - 6.587609341177051e-7im,3.377324032622446e-6 - 1.3100346792926222e-6im
-2.1724137931034484,-0.6551724137931034,6.879412017952691e-7 - 5.824501475998281e-7im,2.7959280161560232e-6 - 5.778239484905377e-7im,3.4838692179512924e-6 - 1.160274096090366e-6im
-2.1724137931034484,-0.5517241379310345,7.489419663234191e-7 - 5.054938894984946e-7im,2.829822183183757e-6 - 4.932330749957238e-7im,3.578764149507176e-6 - 9.987269644942184e-7im
-2.1724137931034484,-0.4482758620689655,8.01562167018104e-7 - 4.2120567799359473e-7im,2.858749436213487e-6 - 4.0537576365792064e-7im,3.660311603231591e-6 - 8.265814416515154e-7im
-2.1724137931034484,-0.3448275862068966,8.447041079050191e-7 - 3.3060735526515404e-7im,2.8822617210621263e-6 - 3.147274087567732e-7im,3.7269658289671454e-6 - 6.453347640219272e-7im
-2.1724137931034484,-0.2413793103448276,8.774261597869113e-7 - 2.349256245872464e-7im,2.899978227897458e-6 - 2.2184186597925047e-7im,3.7774043876843695e-6 - 4.5676749056649683e-7im
-2.1724137931034484,-0.13793103448275862,8.989897747963551e-7 - 1.3555978524868286e-7im,2.9115991292586728e-6 - 1.2734228320753053e-7im,3.810588904055028e-6 - 2.6290206845621336e-7im
-2.1724137931034484,-0.034482758620689655,9.088945120827953e-7 - 3.404105048453223e-8im,2.9169231559619874e-6 - 3.190168790498286e-8im,3.825817668044783e-6 - 6.594273838951509e-8im
-2.1724137931034484,0.06896551724137931,9.069083741055757e-7 + 6.802152532705292e-8im,2.9158562432786587e-6 + 6.377690603636067e-8im,3.822764617384234e-6 + 1.3179843136341359e-7im
-2.1724137931034484,0.1724137931034483,8.930779306230148e-7 + 1.6899865654489387e-7im,2.9084174230137276e-6 + 1.5898037020296662e-7im,3.8014953536367425e-6 + 3.279790267478605e-7im
-2.1724137931034484,0.27586206896551724,8.677268393726896e-7 + 2.6730106970408574e-7im,2.894736989339265e-6 + 2.530150342254731e-7im,3.7624638287119545e-6 + 5.203161039295588e-7im
-2.1724137931034484,0.3793103448275862,8.31438428929855e-7 + 3.6143615969872026e-7im,2.875050956857933e-6 + 3.452211312167236e-7im,3.706489385787788e-6 + 7.066572909154438e-7im
-2.1724137931034484,0.4827586206896552,7.850235545480628e-7 + 4.500577604442213e-7im,2.849687688621367e-6 + 4.349969609255934e-7im,3.63471124316943e-6 + 8.850547213698148e-7im
-2.1724137931034484,0.5862068965517241,7.294819107590209e-7 + 5.320047934288607e-7im,2.819052421612427e-6 + 5.218138554368459e-7im,3.548534332371448e-6 + 1.0538186488657065e-6im
-2.1724137931034484,0.6896551724137931,6.659512098940783e-7 + 6.063279436039e-7im,2.783611193093359e-6 + 6.05225468292836e-7im,3.4495624029874373e-6 + 1.211553411896736e-6im
-2.1724137931034484,0.7931034482758621,5.956591928432949e-7 + 6.723021097778105e-7im,2.7438669776763855e-6 + 6.848739169294116e-7im,3.3395261705196804e-6 + 1.357176026707222e-6im
-2.1724137931034484,0.896551724137931,5.19875726025446e-7 + 7.294280577243218e-7im,2.7003496888118815e-6 + 7.604897267293404e-7im,3.2202254148373274e-6 + 1.4899177844536622e-6im
-2.1724137931034484,1.0,4.3986694131541617e-7 + 7.774218925600035e-7im,2.653579995774478e-6 + 8.318905175122461e-7im,3.093446937089894e-6 + 1.6093124100722497e-6im
-2.0689655172413794,-2.0,-3.767452783099994e-7 - 8.830464252251225e-7im,2.155624072880571e-6 - 1.3654827435676112e-6im,1.7788787945705715e-6 - 2.2485291687927336e-6im
-2.0689655172413794,-1.896551724137931,-2.99572474633035e-7 - 9.135233599809928e-7im,2.215174925412588e-6 - 1.3330404863740744e-6im,1.915602450779553e-6 - 2.246563846355067e-6im
-2.0689655172413794,-1.793103448275862,-2.1828635262724085e-7 - 9.381953341595692e-7im,2.275274366325241e-6 - 1.2971063520122646e-6im,2.0569880136980005e-6 - 2.2353016861718337e-6im
-2.0689655172413794,-1.6896551724137931,-1.3322029981209059e-7 - 9.563896017753754e-7im,2.335714047669824e-6 - 1.257446607512074e-6im,2.2024937478577335e-6 - 2.2138362092874494e-6im
-2.0689655172413794,-1.5862068965517242,-4.4813809193920956e-8 - 9.674215621555946e-7im,2.396248149855274e-6 - 1.2138299691589873e-6im,2.351434340661353e-6 - 2.181251531314582e-6im
-2.0689655172413794,-1.4827586206896552,4.6375347426183726e-8 - 9.70608617698164e-7im,2.4565844572754176e-6 - 1.166032664728549e-6im,2.5029598047016015e-6 - 2.136641282426713e-6im
-2.0689655172413794,-1.3793103448275863,1.3965967415164902e-7 - 9.652894965320336e-7im,2.5163841929612363e-6 - 1.1138457528017637e-6im,2.6560438671128854e-6 - 2.0791352493337975e-6im
-2.0689655172413794,-1.2758620689655173,2.3421320442137852e-7 - 9.508478107845514e-7im,2.5752578696346544e-6 - 1.0570846249914334e-6im,2.8094710740560328e-6 - 2.0079324357759846e-6im
-2.0689655172413794,-1.1724137931034482,3.29067019975588e-7 - 9.267403285332688e-7im,2.6327627173245955e-6 - 9.955976998559114e-7im,2.9618297373001833e-6 - 1.92233802838918e-6im
-2.0689655172413794,-1.0689655172413792,4.231092427691322e-7 - 8.925286880236639e-7im,2.688405169887087e-6 - 9.29280295158476e-7im,3.1115144126562193e-6 - 1.8218089831821398e-6im
-2.0689655172413794,-0.9655172413793104,5.150939346514503e-7 - 8.479149455330985e-7im,2.7416505987091988e-6 - 8.580871241716048e-7im,3.256744533360649e-6 - 1.7060020697047033e-6im
-2.0689655172413794,-0.8620689655172413,6.036576176090516e-7 - 7.927774766694801e-7im,2.7919140632223417e-6 - 7.820445778315545e-7im,3.3955716808313932e-6 - 1.5748220545010347e-6im
-2.0689655172413794,-0.7586206896551724,6.873460373886649e-7 - 7.272074273805007e-7im,2.838584219586495e-6 - 7.012661193686548e-7im,3.5259302569751603e-6 - 1.4284735467491555e-6im
-2.0689655172413794,-0.6551724137931034,7.646533020071741e-7 - 6.515396213070977e-7im,2.881045699312141e-6 - 6.159604385932682e-7im,3.645699001319315e-6 - 1.267500059900366e-6im
-2.0689655172413794,-0.5517241379310345,8.340680779750895e-7 - 5.663767515037202e-7im,2.9186780486046347e-6 - 5.264427562884492e-7im,3.752746126579724e-6 - 1.0928195077921694e-6im
-2.0689655172413794,-0.4482758620689655,8.941349852831989e-7 - 4.726026534818833e-7im,2.950887247142974e-6 - 4.331382265799544e-7im,3.8450222324261726e-6 - 9.057408800618378e-7im
-2.0689655172413794,-0.3448275862068966,9.435116306853237e-7 - 3.713799536303907e-7im,2.977131196910836e-6 - 3.365811924740236e-7im,3.920642827596159e-6 - 7.079611461044143e-7im
-2.0689655172413794,-0.2413793103448276,9.810427494351568e-7 - 2.641306456651075e-7im,2.9969443100191515e-6 - 2.374068116571454e-7im,3.977987059454308e-6 - 5.015374573222529e-7im
-2.0689655172413794,-0.13793103448275862,1.0058118457045381e-6 - 1.525010229633491e-7im,3.009958661865208e-6 - 1.3633728683134856e-7im,4.015770507569746e-6 - 2.888383097946977e-7im
-2.0689655172413794,-0.034482758620689655,1.0171992599421039e-6 - 3.8305448037167444e-8im,3.0159259436240477e-6 - 3.416229855394876e-8im,4.033125203566151e-6 - 7.24677465911162e-8im
-2.0689655172413794,0.06896551724137931,1.0149152523851131e-6 + 7.653872168096228e-8im,3.0147298804775306e-6 + 6.829340926067041e-8im,4.029645132862644e-6 + 1.448321309416327e-7im
-2.0689655172413794,0.1724137931034483,9.990180822341657e-7 + 1.9008845380239018e-7im,3.0063939935604523e-6 + 1.701901628783355e-7im,4.005412075794618e-6 + 3.6027861668072565e-7im
-2.0689655172413794,0.27586206896551724,9.699104623456075e-7 + 3.004526191854663e-7im,2.9910793118788713e-6 + 2.707126595233146e-7im,3.960989774224478e-6 + 5.711652787087809e-7im
-2.0689655172413794,0.3793103448275862,9.283165694987412e-7 + 4.058656414652937e-7im,2.969076530780046e-6 + 3.6909116949955815e-7im,3.8973931002787875e-6 + 7.749568109648519e-7im
-2.0689655172413794,0.4827586206896552,8.752369992946621e-7 + 5.047514323616249e-7im,2.940788126060965e-6 + 4.646297839847486e-7im,3.816025125355627e-6 + 9.693812163463734e-7im
-2.0689655172413794,0.5862068965517241,8.118984508610493e-7 + 5.957706012472664e-7im,2.9067077154196237e-6 + 5.567261835385602e-7im,3.718606166280673e-6 + 1.1524967847858265e-6im
-2.0689655172413794,0.6896551724137931,7.396872003484659e-7 + 6.778526965319724e-7im,2.8673988932950465e-6 + 6.448813704102789e-7im,3.6070860936435125e-6 + 1.3227340669422513e-6im
-2.0689655172413794,0.7931034482758621,6.600839865954315e-7 + 7.502079387610285e-7im,2.823463768938833e-6 + 7.287077297860461e-7im,3.4835477555342646e-6 + 1.4789156685470747e-6im
-2.0689655172413794,0.896551724137931,5.746047455779804e-7 + 8.12325075122518e-7im,2.775528342510011e-6 + 8.079257913637051e-7im,3.350133088087991e-6 + 1.620250866486223e-6im
-2.0689655172413794,1.0,4.847434969675537e-7 + 8.639538648486808e-7im,2.7242043013740535e-6 + 8.823599850433544e-7im,3.2089477983416074e-6 + 1.7463138498920352e-6im
-1.9655172413793103,-2.0,-4.1219613542588314e-7 - 9.606835845552226e-7im,2.185998417141515e-6 - 1.4263560725694957e-6im,1.7738022817156319e-6 - 2.3870396571247183e-6im
-1.9655172413793103,-1.896551724137931,-3.294322764635542e-7 - 9.957487561059036e-7im,2.2490094819143585e-6 - 1.394674011800051e-6im,1.919577205450804e-6 - 2.3904227679059544e-6im
-1.9655172413793103,-1.793103448275862,-2.418456419147734e-7 - 1.024736946259515e-6im,2.312819650247657e-6 - 1.3593137113484113e-6im,2.0709740083328834e-6 - 2.3840506576079264e-6im
-1.9655172413793103,-1.6896551724137931,-1.4974313568727343e-7 - 1.0468724893718739e-6im,2.3772254958520755e-6 - 1.3200018511991638e-6im,2.227482360164802e-6 - 2.3668743405710377e-6im
-1.9655172413793103,-1.5862068965517242,-5.3551270275219726e-8 - 1.0613503437653498e-6im,2.441976938618272e-6 - 1.2764616789254302e-6im,2.388425668343052e-6 - 2.33781202269078e-6im
-1.9655172413793103,-1.4827586206896552,4.6167190069726713e-8 - 1.0673537752519807e-6im,2.5067742844556162e-6 - 1.2284189404244082e-6im,2.552941474525343e-6 - 2.295772715676389e-6im
-1.9655172413793103,-1.3793103448275863,1.486975986659969e-7 - 1.0640745893583262e-6im,2.571259666110053e-6 - 1.1756107557873592e-6im,2.71995726477605e-6 - 2.2396853451456854e-6im
-1.9655172413793103,-1.2758620689655173,2.531593417985172e-7 - 1.0507401823909127e-6im,2.635018597126292e-6 - 1.1177953998009292e-6im,2.888177938924809e-6 - 2.168535582191842e-6im
-1.9655172413793103,-1.1724137931034482,3.5849516645811494e-7 - 1.0266459548158461e-6im,2.6975657614371914e-6 - 1.0547638094237619e-6im,3.0560609278953063e-6 - 2.081409764239608e-6im
-1.9655172413793103,-1.0689655172413792,4.634677094736884e-7 - 9.911948328979445e-7im,2.7583528323255966e-6 - 9.863545209168278e-7im,3.221820541799285e-6 - 1.9775493538147723e-6im
-1.9655172413793103,-0.9655172413793104,5.666649780735051e-7 - 9.439414576305995e-7im,2.8167741543606445e-6 - 9.124709966371551e-7im,3.38343913243415e-6 - 1.8564124542677545e-6im
-1.9655172413793103,-0.8620689655172413,6.665129224784649e-7 - 8.846374975434308e-7im,2.872170604893406e-6 - 8.330967470496447e-7im,3.538683527371871e-6 - 1.7177342445930753e-6im
-1.9655172413793103,-0.7586206896551724,7.613099509321195e-7 - 8.13283838218992e-7im,2.9238200340749102e-6 - 7.483162084866111e-7im,3.68512998500703e-6 - 1.5616000467056032e-6im
-1.9655172413793103,-0.6551724137931034,8.492662433798495e-7 - 7.301712482318631e-7im,2.9709990294928578e-6 - 6.583273483417097e-7im,3.820265272872707e-6 - 1.388498596573573e-6im
-1.9655172413793103,-0.5517241379310345,9.285625214732238e-7 - 6.35918096562159e-7im,3.0129654243134023e-6 - 5.634575135187891e-7im,3.941527945786626e-6 - 1.1993756100809481e-6im
-1.9655172413793103,-0.4482758620689655,9.97426250059716e-7 - 5.314924029982031e-7im,3.049002688010787e-6 - 4.6417030166632317e-7im,4.0464289380705024e-6 - 9.956627046645262e-7im
-1.9655172413793103,-0.3448275862068966,1.0542068783875053e-6 - 4.1821637946655103e-7im,3.0784484838988225e-6 - 3.610669099848475e-7im,4.1326553622863275e-6 - 7.792832894513985e-7im
-1.9655172413793103,-0.2413793103448276,1.0974694599191724e-6 - 2.977454626584563e-7im,3.100728989686438e-6 - 2.548778901529557e-7im,4.1981984496056104e-6 - 5.526233528114121e-7im
-1.9655172413793103,-0.13793103448275862,1.1260715346876342e-6 - 1.7202523296430254e-7im,3.1153878408756434e-6 - 1.4644705050329148e-7im,4.241459375563277e-6 - 3.18472283467594e-7im
-1.9655172413793103,-0.034482758620689655,1.1392342746642984e-6 - 4.322306053805737e-8im,3.122115511919856e-6 - 3.670423149767439e-8im,4.261349786584155e-6 - 7.992729203573177e-8im
-1.9655172413793103,0.06896551724137931,1.1365935755460285e-6 + 8.635918024398487e-8im,3.1207667166987092e-6 + 7.337134973827947e-8im,4.257360292244738e-6 + 1.5973052998226433e-7im
-1.9655172413793103,0.1724137931034483,1.118222648482986e-6 + 2.143851191771216e-7im,3.111370841017835e-6 + 1.8278372694414852e-7im,4.2295934895008215e-6 + 3.9716884612127013e-7im
-1.9655172413793103,0.27586206896551724,1.0846279920772897e-6 + 3.385870844987325e-7im,3.0941290962369603e-6 + 2.905668844587957e-7im,4.17875708831425e-6 + 6.291539689575281e-7im
-1.9655172413793103,0.3793103448275862,1.0367164263606408e-6 + 4.56862732718737e-7im,3.0694031427896392e-6 + 3.9581631049614644e-7im,4.10611956915028e-6 + 8.526790432148834e-7im
-1.9655172413793103,0.4827586206896552,9.757361766918374e-7 + 5.673568195798614e-7im,3.03769129966684e-6 + 4.977225801603699e-7im,4.0134274763586775e-6 + 1.0650793997402313e-6im
-1.9655172413793103,0.5862068965517241,9.032040282957742e-7 + 6.685212181304497e-7im,2.9996007461185783e-6 + 5.95597334611441e-7im,3.902804774414352e-6 + 1.2641185527418906e-6im
-1.9655172413793103,0.6896551724137931,8.208202124704916e-7 + 7.591508984320162e-7im,2.955815239378999e-6 + 6.888849526911732e-7im,3.7766354518494905e-6 + 1.4480358511231894e-6im
-1.9655172413793103,0.7931034482758621,7.303814934314455e-7 + 8.383957810264714e-7im,2.9070659577295822e-6 + 7.771670959692161e-7im,3.6374474511610277e-6 + 1.6155628769956875e-6im
-1.9655172413793103,0.896551724137931,6.337048312077284e-7 + 9.05750000171859e-7im,2.8540832725947347e-6 + 8.601620635226296e-7im,3.487788103802463e-6 + 1.7659120636944886e-6im
-1.9655172413793103,1.0,5.325574386069032e-7 + 9.610240711911592e-7im,2.7976088490748704e-6 + 9.37710147274803e-7im,3.3301662876817735e-6 + 1.898734218465962e-6im
-1.8620689655172413,-2.0,-4.526873140237196e-7 - 1.043654593661339e-6im,2.2154026588122602e-6 - 1.490639003703144e-6im,1.7627153447885407e-6 - 2.534293597364483e-6im
-1.8620689655172413,-1.896551724137931,-3.641324854539372e-7 - 1.0840430439512655e-6im,2.282036898476748e-6 - 1.4599833084111189e-6im,1.9179044130228107e-6 - 2.5440263523623844e-6im
-1.8620689655172413,-1.793103448275862,-2.699402663536533e-7 - 1.1181270838102497e-6im,2.349761498455339e-6 - 1.4254719107598115e-6im,2.0798212321016854e-6 - 2.5435989945700613e-6im
-1.8620689655172413,-1.6896551724137931,-1.703776838243862e-7 - 1.1450112504669781e-6im,2.418380934406858e-6 - 1.3867858685248726e-6im,2.2480032505824716e-6 - 2.531797118991851e-6im
-1.8620689655172413,-1.5862068965517242,-6.584082182390957e-8 - 1.1637550368953747e-6im,2.487650178972415e-6 - 1.3435974260352022e-6im,2.4218093571485054e-6 - 2.507352462930577e-6im
-1.8620689655172413,-1.4827586206896552,4.311923990369882e-8 - 1.1733873028627206e-6im,2.5572649585149213e-6 - 1.295573965297236e-6im,2.60038419841862e-6 - 2.4689612681599563e-6im
-1.8620689655172413,-1.3793103448275863,1.5577491418370592e-7 - 1.1729262453015935e-6im,2.626854449654923e-6 - 1.2423884052682114e-6im,2.782629363838629e-6 - 2.415314650569805e-6im
-1.8620689655172413,-1.2758620689655173,2.712011648094589e-7 - 1.1614101220385052e-6im,2.695978064824609e-6 - 1.1837300180066598e-6im,2.967179229634068e-6 - 2.3451401400451648e-6im
-1.8620689655172413,-1.1724137931034482,3.8825681319215746e-7 - 1.1379335489240258e-6im,2.7641149508980186e-6 - 1.1193177382436583e-6im,3.152371764090176e-6 - 2.257251287167684e-6im
-1.8620689655172413,-1.0689655172413792,5.055750786661993e-7 - 1.1016968316522584e-6im,2.8306569373552365e-6 - 1.0489167179777968e-6im,3.336232016021436e-6 - 2.1506135496300554e-6im
-1.8620689655172413,-0.9655172413793104,6.215615233636787e-7 - 1.0520587892888816e-6im,2.8949228709749724e-6 - 9.723614666062026e-7im,3.516484394338651e-6 - 2.0244202558950842e-6im
-1.8620689655172413,-0.8620689655172413,7.344052906445951e-7 - 9.885964480982412e-7im,2.9561608340979595e-6 - 8.895752083038502e-7im,3.6905661247425546e-6 - 1.8781716564020914e-6im
-1.8620689655172413,-0.7586206896551724,8.42110103745122e-7 - 9.111741812700725e-7im,3.0135314363663012e-6 - 8.005958907458108e-7im,3.855641540111423e-6 - 1.7117700720158833e-6im
-1.8620689655172413,-0.6551724137931034,9.425456069335128e-7 - 8.200023532559606e-7im,3.0661693465441826e-6 - 7.055982533308933e-7im,4.008714953477695e-6 - 1.5256006065868538e-6im
-1.8620689655172413,-0.5517241379310345,1.033511416864557e-6 - 7.156911656433927e-7im,3.113191325059142e-6 - 6.049127566083752e-7im,4.146702741923699e-6 - 1.320603922251768e-6im
-1.8620689655172413,-0.4482758620689655,1.112834756370625e-6 - 5.992891767010155e-7im,3.1537240771131424e-6 - 4.990403255133243e-7im,4.266558833483768e-6 - 1.0983295022143398e-6im
-1.8620689655172413,-0.3448275862068966,1.1784693283206512e-6 - 4.7229676348721893e-7im,3.1869516436871137e-6 - 3.8865687870341077e-7im,4.365420972007765e-6 - 8.609536421906297e-7im
-1.8620689655172413,-0.2413793103448276,1.2286182242381037e-6 - 3.3664705241817444e-7im,3.212159670214001e-6 - 2.7460566391198506e-7im,4.440777894452105e-6 - 6.112527163301594e-7im
-1.8620689655172413,-0.13793103448275862,1.2618401099285553e-6 - 1.9465414139057962e-7im,3.228776243796067e-6 - 1.578784358168333e-7im,4.4906163537246225e-6 - 3.5253257720741293e-7im
-1.8620689655172413,-0.034482758620689655,1.2771471861377768e-6 - 4.892655270168255e-8im,3.236410890597638e-6 - 3.9580385785665603e-8im,4.513558076735415e-6 - 8.850693848734816e-8im
-1.8620689655172413,0.06896551724137931,1.2740754094389662e-6 + 9.77475353843308e-8im,3.234879831210327e-6 + 7.911617240881621e-8im,4.508955240649293e-6 + 1.76863707793147e-7im
-1.8620689655172413,0.1724137931034483,1.25271809928178e-6 + 2.4253380603078015e-7im,3.2242202405491625e-6 + 1.9701847093158535e-7im,4.476938339830942e-6 + 4.3955227696236547e-7im
-1.8620689655172413,0.27586206896551724,1.213719983236461e-6 + 3.8268974995045057e-7im,3.2046866081273134e-6 + 3.1297190718397737e-7im,4.418406591363774e-6 + 6.956616571344279e-7im
-1.8620689655172413,0.3793103448275862,1.1582291700478789e-6 + 5.15693488144301e-7im,3.176734171589662e-6 + 4.2590391924205337e-7im,4.334963341637541e-6 + 9.415974073863544e-7im
-1.8620689655172413,0.4827586206896552,1.0878168442468122e-6 + 6.393499927414134e-7im,3.140986043706962e-6 + 5.348693788689648e-7im,4.228802887953774e-6 + 1.174219371610378e-6im
-1.8620689655172413,0.5862068965517241,1.0043775613087466e-6 + 7.518660136557236e-7im,3.0981959484979084e-6 + 6.390792136804276e-7im,4.102573509806655e-6 + 1.3909452273361513e-6im
-1.8620689655172413,0.6896551724137931,9.10010308098417e-7 + 8.51891862608205e-7im,3.049203218202904e-6 + 7.379157787298573e-7im,3.959213526301321e-6 + 1.5898076413380624e-6im
-1.8620689655172413,0.7931034482758621,8.06908823933996e-7 + 9.385276736608453e-7im,2.99488986474602e-6 + 8.309361207066566e-7im,3.801798688680016e-6 + 1.7694637943675019e-6im
-1.8620689655172413,0.896551724137931,6.972597497195129e-7 + 1.0113013464271587e-6im,2.9361339693985447e-6 + 9.178632992819311e-7im,3.6333937191180573e-6 + 1.92916464570909e-6im
-1.8620689655172413,1.0,5.831546906625174e-7 + 1.0701252802811806e-6im,2.8738032833455323e-6 + 9.985707361497084e-7im,3.4569579740080497e-6 + 2.068696016430889e-6im
-1.7586206896551724,-2.0,-4.989884860675933e-7 - 1.1320792860861246e-6im,2.2435600212539986e-6 - 1.558470140371798e-6im,1.7445715351864052e-6 - 2.6905494264579224e-6im
-1.7586206896551724,-1.896551724137931,-4.0448627241709577e-7 - 1.1786363584243485e-6im,2.3139683960572335e-6 - 1.5291461432496779e-6im,1.9094821236401377e-6 - 2.707782501674026e-6im
-1.7586206896551724,-1.793103448275862,-3.034275605475904e-7 - 1.2187093851488863e-6im,2.3858004290840785e-6 - 1.4958033627190527e-6im,2.0823728685364882e-6 - 2.714512747867939e-6im
-1.7586206896551724,-1.6896551724137931,-1.960119477587397e-7 - 1.2512840411316988e-6im,2.458878438286056e-6 - 1.458072548440903e-6im,2.2628664905273163e-6 - 2.7093565895726017e-6im
-1.7586206896551724,-1.5862068965517242,-8.258306046142274e-8 - 1.2752698243100313e-6im,2.5329680803055896e-6 - 1.415568653251519e-6im,2.450385019844167e-6 - 2.69083847756155e-6im
-1.7586206896551724,-1.4827586206896552,3.634248136463806e-8 - 1.2895172420931427e-6im,2.60776771450434e-6 - 1.367893452598869e-6im,2.6441101958689784e-6 - 2.6574106946920117e-6im
-1.7586206896551724,-1.3793103448275863,1.6004581920899353e-7 - 1.2928426641139515e-6im,2.6829037470337686e-6 - 1.3146442977925066e-6im,2.842949566242762e-6 - 2.607486961906458e-6im
-1.7586206896551724,-1.2758620689655173,2.8757510929004624e-7 - 1.2840566049506014e-6im,2.7579144534886234e-6 - 1.255426839218408e-6im,3.0454895627786697e-6 - 2.5394834441690094e-6im
-1.7586206896551724,-1.1724137931034482,4.177177673494774e-7 - 1.2620079946880279e-6im,2.8322425664843e-6 - 1.1898710633880866e-6im,3.2499603338337775e-6 - 2.4518790580761146e-6im
-1.7586206896551724,-1.0689655172413792,5.489782347836596e-7 - 1.2256372521811e-6im,2.9052237369409438e-6 - 1.1176482974797864e-6im,3.454201971724603e-6 - 2.3432855496608865e-6im
-1.7586206896551724,-0.9655172413793104,6.795682391813629e-7 - 1.1740465886710342e-6im,2.976097282462833e-6 - 1.038501435935695e-6im,3.655665521644196e-6 - 2.212548024606729e-6im
-1.7586206896551724,-0.8620689655172413,8.074117449054998e-7 - 1.1065733429889747e-6im,3.0439970718157783e-6 - 9.522700256204313e-7im,3.851408816721278e-6 - 2.0588433686094058e-6im
-1.7586206896551724,-0.7586206896551724,9.301696134983296e-7 - 1.0228821634868173e-6im,3.1079664458912403e-6 - 8.589211517194668e-7im,4.03813605938957e-6 - 1.881803315206284e-6im
-1.7586206896551724,-0.6551724137931034,1.0452979109419093e-6 - 9.230467105737512e-7im,3.1669596104500944e-6 - 7.585859930864239e-7im,4.212257521392004e-6 - 1.6816327036601752e-6im
-1.7586206896551724,-0.5517241379310345,1.150125500035998e-6 - 8.076308848153832e-7im,3.2199166652130344e-6 - 6.515843791637754e-7im,4.370042165249032e-6 - 1.4592152639791586e-6im
-1.7586206896551724,-0.4482758620689655,1.241969889007976e-6 - 6.777500309581257e-7im,3.2657682259830783e-6 - 5.384494219599115e-7im,4.507738114991054e-6 - 1.2161994529180372e-6im
-1.7586206896551724,-0.3448275862068966,1.318277151680662e-6 - 5.350991225469461e-7im,3.3034987990217893e-6 - 4.1993906093014956e-7im,4.621775950702452e-6 - 9.550381834770956e-7im
-1.7586206896551724,-0.2413793103448276,1.376770402079067e-6 - 3.8194182587473097e-7im,3.332212089789144e-6 - 2.9702935633460194e-7im,4.708982491868211e-6 - 6.789711822093329e-7im
-1.7586206896551724,-0.13793103448275862,1.4156123798587243e-6 - 2.2104800266151083e-7im,3.3511818607746278e-6 - 1.7089344174448257e-7im,4.766794240633352e-6 - 3.9194144440599337e-7im
-1.7586206896551724,-0.034482758620689655,1.4335334798499068e-6 - 5.5584356458212125e-8im,3.3599091536316374e-6 - 4.2857484766006503e-8im,4.793442633481544e-6 - 9.844184122421863e-8im
-1.7586206896551724,0.06896551724137931,1.4299358514123481e-6 + 1.1103928316425411e-7im,3.3581583841308934e-6 + 8.566064713231117e-8im,4.7880942355432415e-6 + 1.9669993029656529e-7im
-1.7586206896551724,0.1724137931034483,1.404939942968303e-6 + 2.753500723401226e-7im,3.345977222066608e-6 + 2.1321822803480467e-7im,4.750917165034911e-6 + 4.885683003749273e-7im
-1.7586206896551724,0.27586206896551724,1.3593757507740096e-6 + 4.340001507962331e-7im,3.323691800642114e-6 + 3.3841945173924197e-7im,4.683067551416123e-6 + 7.724196025354751e-7im
-1.7586206896551724,0.3793103448275862,1.2947160559938534e-6 + 5.839398166137329e-7im,3.2918824364081983e-6 + 4.599840055294776e-7im,4.586598492402052e-6 + 1.0439238221432105e-6im
-1.7586206896551724,0.4827586206896552,1.2129596830735712e-6 + 7.225582552581439e-7im,3.2513379732526963e-6 + 5.768005121611691e-7im,4.4642976563262675e-6 + 1.299358767419313e-6im
-1.7586206896551724,0.5862068965517241,1.1164942622186833e-6 + 8.477768522697613e-7im,3.2030015918833893e-6 + 6.879639317596588e-7im,4.319495854102073e-6 + 1.53574078402942e-6im
-1.7586206896551724,0.6896551724137931,1.007933176353921e-6 + 9.580950267791572e-7im,3.1479122575202212e-6 + 7.92791703717265e-7im,4.155845433874142e-6 + 1.7508867304964223e-6im
-1.7586206896551724,0.7931034482758621,8.899692198340765e-7 + 1.0525860754453732e-6im,3.0871452606711647e-6 + 8.908237951637122e-7im,3.977114480505241e-6 + 1.9434098706090856e-6im
-1.7586206896551724,0.896551724137931,7.652420635379617e-7 + 1.130857310522904e-6im,3.0217519301604144e-6 + 9.818061058218728e-7im,3.786993993698376e-6 + 2.1126634163447767e-6im
-1.7586206896551724,1.0,6.362352325815258e-7 + 1.192981592250368e-6im,2.9527606991406284e-6 + 1.0656654215293717e-6im,3.588995931722154e-6 + 2.2586470137797396e-6im
-1.6551724137931034,-2.0,-5.519436079469054e-7 - 1.2260371156336114e-6im,2.270153878965455e-6 - 1.6299705699748317e-6im,1.7182102710185496e-6 - 2.8560076856084433e-6im
-1.6551724137931034,-1.896551724137931,-4.514168922734751e-7 - 1.27969648959233e-6im,2.3444653919150074e-6 - 1.602324955901787e-6im,1.8930484996415324e-6 - 2.882021445494117e-6im
-1.6551724137931034,-1.793103448275862,-3.4329505795612277e-7 - 1.3267799732252612e-6im,2.4205832212965045e-6 - 1.5705182238304273e-6im,2.077288163340382e-6 - 2.8972981970556885e-6im
-1.6551724137931034,-1.6896551724137931,-2.2768722218033747e-7 - 1.3661377818749377e-6im,2.498352542649588e-6 - 1.534129516474792e-6im,2.2706653204692504e-6 - 2.9002672983497295e-6im
-1.6551724137931034,-1.5862068965517242,-1.0485588014993306e-7 - 1.396515696892173e-6im,2.577560857359059e-6 - 1.4927102572492803e-6im,2.472704977209126e-6 - 2.8892259541414534e-6im
-1.6551724137931034,-1.4827586206896552,2.4748891468098204e-8 - 1.416568200229563e-6im,2.657920664771871e-6 - 1.445787724885347e-6im,2.6826695562399694e-6 - 2.86235592511491e-6im
-1.6551724137931034,-1.3793103448275863,1.6044713868420114e-7 - 1.4248764815840098e-6im,2.739063361477397e-6 - 1.3928724487981518e-6im,2.899510500161598e-6 - 2.8177489303821613e-6im
-1.6551724137931034,-1.2758620689655173,3.0128881882649464e-7 - 1.4199814092099146e-6im,2.8205149036778126e-6 - 1.3334699138429113e-6im,3.1218037225043074e-6 - 2.7534513230528257e-6im
-1.6551724137931034,-1.1724137931034482,4.4601149070039075e-7 - 1.4004305149820635e-6im,2.9016930327137555e-6 - 1.267101124809607e-6im,3.3477045234141463e-6 - 2.6675316397916704e-6im
-1.6551724137931034,-1.0689655172413792,5.930032573113481e-7 - 1.3648378475045587e-6im,2.981880633307062e-6 - 1.1933200064181995e-6im,3.57488389061841e-6 - 2.5581578539227584e-6im
-1.6551724137931034,-0.9655172413793104,7.402778660630541e-7 - 1.3119690321659757e-6im,3.0602353667164477e-6 - 1.111748252549467e-6im,3.8005132327795016e-6 - 2.4237172847154428e-6im
-1.6551724137931034,-0.8620689655172413,8.854672897598474e-7 - 1.2408371886965748e-6im,3.135762201367838e-6 - 1.0221081203999568e-6im,4.021229491127685e-6 - 2.2629453090965316e-6im
-1.6551724137931034,-0.7586206896551724,1.025831632257518e-6 - 1.1508092719489517e-6im,3.2073614411407207e-6 - 9.24265456609269e-7im,4.233193073398239e-6 - 2.0750747285582206e-6im
-1.6551724137931034,-0.6551724137931034,1.1583483571379865e-6 - 1.0417637335811806e-6im,3.2737914559314317e-6 - 8.182759319366629e-7im,4.432139813069418e-6 - 1.8600396655178435e-6im
-1.6551724137931034,-0.5517241379310345,1.2797423302591847e-6 - 9.14133791286169e-7im,3.333758950490518e-6 - 7.044268343014041e-7im,4.6135012807497025e-6 - 1.618560625587573e-6im
-1.6551724137931034,-0.4482758620689655,1.386690791772116e-6 - 7.69076839696555e-7im,3.385950857780566e-6 - 5.832713566704001e-7im,4.772641649552682e-6 - 1.352348196366955e-6im
-1.6551724137931034,-0.3448275862068966,1.4759701494128296e-6 - 6.08494156168725e-7im,3.429093332579455e-6 - 4.556533019368954e-7im,4.9050634819922845e-6 - 1.0641474581056205e-6im
-1.6551724137931034,-0.2413793103448276,1.5446712130393683e-6 - 4.3504033347393574e-7im,3.4620459640877004e-6 - 3.2270553629872683e-7im,5.006717177127068e-6 - 7.577458697726626e-7im
-1.6551724137931034,-0.13793103448275862,1.5904187867665638e-6 - 2.5205309836263466e-7im,3.483874811499843e-6 - 1.858256183894437e-7im,5.074293598266407e-6 - 4.378787167520784e-7im
-1.6551724137931034,-0.034482758620689655,1.6115605755053648e-6 - 6.341277486130613e-8im,3.493933261185649e-6 - 4.6620724495657544e-8im,5.1054938366910135e-6 - 1.1003349935696367e-7im
-1.6551724137931034,0.06896551724137931,1.607314588951229e-6 + 1.2666509836331127e-7im,3.491914652414336e-6 + 9.317457446875844e-8im,5.099229241365565e-6 + 2.198396728320697e-7im
-1.6551724137931034,0.1724137931034483,1.577838727246366e-6 + 3.138776657616641e-7im,3.4778810459813533e-6 + 2.3179372915408476e-7im,5.055719773227719e-6 + 5.456713949157488e-7im
-1.6551724137931034,0.27586206896551724,1.524217111223863e-6 + 4.940951055532656e-7im,3.452256758040179e-6 + 3.6753234905544165e-7im,4.976473869264042e-6 + 8.616274546087073e-7im
-1.6551724137931034,0.3793103448275862,1.4483626831820672e-6 + 6.635978566404928e-7im,3.415791863439211e-6 + 4.988466049330057e-7im,4.864154546621278e-6 + 1.1624444615734984e-6im
-1.6551724137931034,0.4827586206896552,1.3528500064865947e-6 + 8.192638266626744e-7im,3.369498242023398e-6 + 6.244222697129274e-7im,4.722348248509993e-6 + 1.4436860963756017e-6im
-1.6551724137931034,0.5862068965517241,1.240718675085006e-6 + 9.586852706338368e-7im,3.3145683463290458e-6 + 7.432216655536858e-7im,4.555287021414051e-6 + 1.7019069361875226e-6im
-1.6551724137931034,0.6896551724137931,1.115249565048523e-6 + 1.080214695370225e-6im,3.2523007341361475e-6 + 8.544985159093441e-7im,4.367550299184671e-6 + 1.934713211279569e-6im
-1.6551724137931034,0.7931034482758621,9.797653846526865e-7 + 1.1829419891554605e-6im,3.184008549759212e-6 + 9.57791953203334e-7im,4.163773934411899e-6 + 2.1407339423587945e-6im
-1.6551724137931034,0.896551724137931,8.374641061997199e-7 + 1.2666244741060552e-6im,3.1109653994759846e-6 + 1.052896351648769e-6im,3.948429505675704e-6 + 2.319520825754824e-6im
-1.6551724137931034,1.0,6.912933522989029e-7 + 1.3315788181170662e-6im,3.034377941830703e-6 + 1.1398241190962168e-6im,3.725671294129606e-6 + 2.471402937213283e-6im
-1.5517241379310345,-2.0,-6.124992751980165e-7 - 1.3255064302169045e-6im,2.2948294717737535e-6 - 1.7052375241488452e-6im,1.682330196575737e-6 - 3.0307439543657497e-6im
-1.5517241379310345,-1.896551724137931,-5.05962623997813e-7 - 1.3873148440444282e-6im,2.373149440092511e-6 - 1.6796599220729944e-6im,1.8671868160946978e-6 - 3.0669747661174227e-6im
-1.5517241379310345,-1.793103448275862,-3.9067347812967165e-7 - 1.4425584126782348e-6im,2.4537049069084345e-6 - 1.6498104577594055e-6im,2.063031428778763e-6 - 3.09236887043764e-6im
-1.5517241379310345,-1.6896551724137931,-2.666177838311257e-7 - 1.4899557855598629e-6im,2.5363767153758936e-6 - 1.6152131482836689e-6im,2.269758931544768e-6 - 3.1051689338435315e-6im
-1.5517241379310345,-1.5862068965517242,-1.3393960156568624e-7 - 1.5280757795441943e-6im,2.620986746270402e-6 - 1.575353331558817e-6im,2.4870471447047157e-6 - 3.103429111103011e-6im
-1.5517241379310345,-1.4827586206896552,7.016470590073622e-9 - 1.5553563700194164e-6im,2.707276266218196e-6 - 1.5296743829218873e-6im,2.7142927368082697e-6 - 3.0850307529413038e-6im
-1.5517241379310345,-1.3793103448275863,1.556529294968932e-7 - 1.5701142252629233e-6im,2.7948932370481712e-6 - 1.477588738147952e-6im,2.9505461665450644e-6 - 3.0477029634108753e-6im
-1.5517241379310345,-1.2758620689655173,3.1106335578877754e-7 - 1.5705735648533885e-6im,2.883370840176908e-6 - 1.4184858901278312e-6im,3.1944341959656852e-6 - 2.9890594549812195e-6im
-1.5517241379310345,-1.1724137931034482,4.719728570161369e-7 - 1.554918012569355e-6im,2.972110846619716e-6 - 1.3517543095253824e-6im,3.444083703635853e-6 - 2.9066723220947375e-6im
-1.5517241379310345,-1.0689655172413792,6.366808416367739e-7 - 1.5213561295277667e-6im,3.0603501215946385e-6 - 1.276799449594268e-6im,3.6970309632314125e-6 - 2.7981555791220346e-6im
-1.5517241379310345,-0.9655172413793104,8.030121132097285e-7 - 1.4682155591546193e-6im,3.1471674284943586e-6 - 1.1930868377237321e-6im,3.950179541704087e-6 - 2.661302396878351e-6im
-1.5517241379310345,-0.8620689655172413,9.682878903432586e-7 - 1.3940702620830478e-6im,3.2314473314897713e-6 - 1.100178992785119e-6im,4.19973522183303e-6 - 2.4942492548681668e-6im
-1.5517241379310345,-0.7586206896551724,1.1293298596835028e-6 - 1.297882514036991e-6im,3.311898445797342e-6 - 9.977958998425077e-7im,4.441228305480845e-6 - 2.2956784138794987e-6im
-1.5517241379310345,-0.6551724137931034,1.282501677570002e-6 - 1.1791716406386903e-6im,3.3870769370283077e-6 - 8.858719858677832e-7im,4.669578614598309e-6 - 2.0650436265064734e-6im
-1.5517241379310345,-0.5517241379310345,1.4238238814179628e-6 - 1.038190809683605e-6im,3.455387541625871e-6 - 7.646245964096387e-7im,4.879211423043833e-6 - 1.8028154060932436e-6im
-1.5517241379310345,-0.4482758620689655,1.5491333359424207e-6 - 8.760569157257135e-7im,3.515203826297265e-6 - 6.34604917375734e-7im,5.064337162239686e-6 - 1.5106618331014476e-6im
-1.5517241379310345,-0.3448275862068966,1.6543291094912215e-6 - 6.948767705976028e-7im,3.564914745419219e-6 - 4.967412139025897e-7im,5.21924385491044e-6 - 1.1916179845001926e-6im
-1.5517241379310345,-0.2413793103448276,1.7356480865436034e-6 - 4.977642736261762e-7im,3.603051407476927e-6 - 3.5234956491533674e-7im,5.338699494020531e-6 - 8.50113838541513e-7im
-1.5517241379310345,-0.13793103448275862,1.7899780163560476e-6 - 2.887686471398647e-7im,3.628396093211944e-6 - 2.0310612216742126e-7im,5.418374109567992e-6 - 4.918747693072859e-7im
-1.5517241379310345,-0.034482758620689655,1.8151352551443777e-6 - 7.269353409882313e-8im,3.6400967741583783e-6 - 5.098052766205781e-8im,5.455232029302756e-6 - 1.2367406176088094e-7im
-1.5517241379310345,0.06896551724137931,1.8100803908714775e-6 + 1.4518556173862e-7im,3.637747453817536e-6 + 1.0187828671424787e-7im,5.447827844689013e-6 + 2.4706384845286783e-7im
-1.5517241379310345,0.1724137931034483,1.7750235269915354e-6 + 3.5947035502650725e-7im,3.6214303842872596e-6 + 2.532767260834936e-7im,5.396453911278795e-6 + 6.127470811100009e-7im
-1.5517241379310345,0.27586206896551724,1.7114033671596031e-6 + 5.650065890715737e-7im,3.591706988504759e-6 + 4.0110861931894845e-7im,5.303110355664362e-6 + 9.66115208390522e-7im
-1.5517241379310345,0.3793103448275862,1.621742001012487e-6 + 7.572145097154963e-7im,3.5495619226924295e-6 + 5.434939997496551e-7im,5.171303923704917e-6 + 1.3007085094651515e-6im
-1.5517241379310345,0.4827586206896552,1.509399925628206e-6 + 9.323425439123871e-7im,3.496309957895154e-6 + 6.788702611152683e-7im,5.00570988352336e-6 + 1.6112128050276553e-6im
-1.5517241379310345,0.5862068965517241,1.3782874052101389e-6 + 1.0876103170657378e-6im,3.4334802808685983e-6 + 8.060497081343187e-7im,4.811767686078737e-6 + 1.8936600252000564e-6im
-1.5517241379310345,0.6896551724137931,1.232558668297036e-6 + 1.2212474737032675e-6im,3.3627020577438044e-6 + 9.242329498455697e-7im,4.5952607260408404e-6 + 2.1454804235488374e-6im
-1.5517241379310345,0.7931034482758621,1.076335401250811e-6 + 1.332437131211224e-6im,3.285592588474846e-6 + 1.0329856378939077e-6im,4.361927989725657e-6 + 2.3654227691051318e-6im
-1.5517241379310345,0.896551724137931,9.134995165156939e-7 + 1.4211932615181718e-6im,3.203712594156991e-6 + 1.1321910988731368e-6im,4.117212110672685e-6 + 2.553384360391309e-6im
-1.5517241379310345,1.0,7.47542617331807e-7 + 1.4881991819354552e-6im,3.11845077561392e-6 + 1.221993745217352e-6im,3.865993392945727e-6 + 2.7101929271528075e-6im
-1.4482758620689655,-2.0,-6.816906972847251e-7 - 1.4303672272212123e-6im,2.3171945175114964e-6 - 1.7843370792635506e-6im,1.6355038202267712e-6 - 3.214704306484763e-6im
-1.4482758620689655,-1.896551724137931,-5.692813419147795e-7 - 1.5014692269768227e-6im,2.3995901843205573e-6 - 1.7612601302433142e-6im,1.8303088424057779e-6 - 3.262729357220137e-6im
-1.4482758620689655,-1.793103448275862,-4.468439394490399e-7 - 1.5661633438053145e-6im,2.484698542852479e-6 - 1.733842164868349e-6im,2.037854603403439e-6 - 3.3000055086736638e-6im
-1.4482758620689655,-1.6896551724137931,-3.142045047671216e-7 - 1.6230272315385634e-6im,2.572451541234879e-6 - 1.701554300425886e-6im,2.2582470364677576e-6 - 3.3245815319644494e-6im
-1.4482758620689655,-1.5862068965517242,-1.7134311370230764e-7 - 1.6704558049537637e-6im,2.6627169661037013e-6 - 1.6638091339570357e-6im,2.4913738524013937e-6 - 3.3342649389107994e-6im
-1.4482758620689655,-1.4827586206896552,-1.8447823686605106e-8 - 1.7066524708806244e-6im,2.7552849436826275e-6 - 1.6199633341565987e-6im,2.7368371199960225e-6 - 3.326615805037223e-6im
-1.4482758620689655,-1.3793103448275863,1.4402335311123435e-7 - 1.7296407088479081e-6im,2.84983990847529e-6 - 1.5693205810200882e-6im,2.993863261586524e-6 - 3.2989612898679963e-6im
-1.4482758620689655,-1.2758620689655173,3.15267768370343e-7 - 1.7372840975022525e-6im,2.9459418917269623e-6 - 1.5111352903032028e-6im,3.261209660097305e-6 - 3.2484193878054553e-6im
-1.4482758620689655,-1.1724137931034482,4.94056674554124e-7 - 1.727332341978663e-6im,3.0429963330207308e-6 - 1.4446383841643358e-6im,3.537053007574855e-6 - 3.171970726142999e-6im
-1.4482758620689655,-1.0689655172413792,6.786506102904738e-7 - 1.6974915532949267e-6im,3.1402149752186745e-6 - 1.3690544037174388e-6im,3.818865585509148e-6 - 3.0665459570123658e-6im
-1.4482758620689655,-0.9655172413793104,8.667163066651764e-7 - 1.645532388817971e-6im,3.2366026292777838e-6 - 1.2836451634181373e-6im,4.10331893594296e-6 - 2.9291775522361085e-6im
-1.4482758620689655,-0.8620689655172413,1.0552662231064556e-6 - 1.56943747681947e-6im,3.330929108081709e-6 - 1.187761585497076e-6im,4.386195331188165e-6 - 2.757199062316546e-6im
-1.4482758620689655,-0.7586206896551724,1.2406297268111315e-6 - 1.4675916467867277e-6im,3.4217058330216286e-6 - 1.080912337153442e-6im,4.662335559832761e-6 - 2.5485039839401697e-6im
-1.4482758620689655,-0.6551724137931034,1.4184756580070474e-6 - 1.3390065687568175e-6im,3.5072106755671867e-6 - 9.628491604715159e-7im,4.925686333574234e-6 - 2.3018557292283336e-6im
-1.4482758620689655,-0.5517241379310345,1.5839238254379443e-6 - 1.1835645106808535e-6im,3.585516530667727e-6 - 8.336585348364918e-7im,5.169440356105671e-6 - 2.0172230455173453e-6im
-1.4482758620689655,-0.4482758620689655,1.7317471381594963e-6 - 1.002254264807961e-6im,3.654584920015027e-6 - 6.938481450786983e-7im,5.386332058174523e-6 - 1.6961024098866594e-6im
-1.4482758620689655,-0.3448275862068966,1.8566723736275112e-6 - 7.973515483113695e-7im,3.7123546508878136e-6 - 5.444183257782971e-7im,5.569027024515325e-6 - 1.3417698740896667e-6im
-1.4482758620689655,-0.2413793103448276,1.9537709972085463e-6 - 5.724997684387822e-7im,3.7569101333947802e-6 - 3.8689403947078163e-7im,5.7106811306033265e-6 - 9.593938079095638e-7im
-1.4482758620689655,-0.13793103448275862,2.0189040081731267e-6 - 3.326440891268436e-7im,3.786638985541539e-6 - 2.2329878260288705e-7im,5.8055429937146656e-6 - 5.559428717297307e-7im
-1.4482758620689655,-0.034482758620689655,2.0491350354520125e-6 - 8.379933347306656e-8im,3.8003930862953305e-6 - 5.608243676195016e-8im,5.849528121747343e-6 - 1.3988177023501672e-7im
-1.4482758620689655,0.06896551724137931,2.0430568892099915e-6 + 1.6734199568168754e-7im,3.7976294960941373e-6 + 1.1206124387957036e-7im,5.840686385304129e-6 + 2.794032395612579e-7im
-1.4482758620689655,0.1724137931034483,2.0009548762414313e-6 + 4.1391000463971607e-7im,3.7784577199116395e-6 + 2.783633738811761e-7im,5.779412596153071e-6 + 6.922733785208921e-7im
-1.4482758620689655,0.27586206896551724,1.924773122807424e-6 + 6.493867457276507e-7im,3.7436344551755927e-6 + 4.401859122338464e-7im,5.668407577983017e-6 + 1.089572657961497e-6im
-1.4482758620689655,0.3793103448275862,1.8178915282731916e-6 + 8.680769476851856e-7im,3.6944759894918013e-6 + 5.952138568262383e-7im,5.5123675177649925e-6 + 1.4632908045114238e-6im
-1.4482758620689655,0.4827586206896552,1.6847597768505093e-6 + 1.0654526082242067e-6im,3.6327171710598227e-6 + 7.415805640290984e-7im,5.3174769479103315e-6 + 1.807033172253305e-6im
-1.4482758620689655,0.5862068965517241,1.5304686169825608e-6 + 1.2383267318100084e-6im,3.5603403581937593e-6 + 8.779364359329272e-7im,5.090808975176321e-6 + 2.1162631677429354e-6im
-1.4482758620689655,0.6896551724137931,1.3603201302686283e-6 + 1.3848670695375616e-6im,3.479404578602511e-6 + 1.0034525019002344e-6im,4.839724708871139e-6 + 2.388319571437796e-6im
-1.4482758620689655,0.7931034482758621,1.179449926024553e-6 + 1.5044780402436197e-6im,3.3919416766014612e-6 + 1.117768324786021e-6im,4.571391602626014e-6 + 2.6222463650296407e-6im
-1.4482758620689655,0.896551724137931,9.925750400829043e-7 + 1.597595258005781e-6im,3.2998009658300755e-6 + 1.2209206889425187e-6im,4.29237600591298e-6 + 2.8185159469482994e-6im
-1.4482758620689655,1.0,8.038121911975462e-7 + 1.6654405604685159e-6im,3.2046385387175682e-6 + 1.3132496359130146e-6im,4.008450729915114e-6 + 2.9786901963815303e-6im
-1.3448275862068966,-2.0,-7.606387639675353e-7 - 1.5403620058630548e-6im,2.336818927164125e-6 - 1.8672936483384813e-6im,1.5761801631965895e-6 - 3.407655654201536e-6im
-1.3448275862068966,-1.896551724137931,-6.426469409915507e-7 - 1.6220020195925526e-6im,2.4233100461691224e-6 - 1.847191992485932e-6im,1.7806631051775716e-6 - 3.469194012078485e-6im
-1.3448275862068966,-1.793103448275862,-5.132420957276086e-7 - 1.6975642807332217e-6im,2.5130384537170866e-6 - 1.822735033014833e-6im,1.9997963579894778e-6 - 3.520299313748055e-6im
-1.3448275862068966,-1.6896551724137931,-3.7204708451887503e-7 - 1.7655050301379915e-6im,2.605999212416702e-6 - 1.793341878594507e-6im,2.2339521278978268e-6 - 3.5588469087324985e-6im
-1.3448275862068966,-1.5862068965517242,-2.1882580137590353e-7 - 1.824037771080578e-6im,2.7021284928486245e-6 - 1.758356261611523e-6im,2.4833026914727208e-6 - 3.582394032692101e-6im
-1.3448275862068966,-1.4827586206896552,-5.35451111917535e-8 - 1.871130491123311e-6im,2.801283839351951e-6 - 1.7170435785239322e-6im,2.7477387281601975e-6 - 3.588174069647243e-6im
-1.3448275862068966,-1.3793103448275863,1.235497390165239e-7 - 1.9044924993736133e-6im,2.9032131046762915e-6 - 1.668587144685724e-6im,3.0267628436928153e-6 - 3.573079644059337e-6im
-1.3448275862068966,-1.2758620689655173,3.118424131449175e-7 - 1.9215823412452653e-6im,3.0075315742970887e-6 - 1.6120958937221502e-6im,3.319373987442006e-6 - 3.5336782349674156e-6im
-1.3448275862068966,-1.1724137931034482,5.10237285893894e-7 - 1.9196451698506177e-6im,3.113676774140971e-6 - 1.5466148271243853e-6im,3.623914060034865e-6 - 3.466259996975003e-6im
-1.3448275862068966,-1.0689655172413792,7.170374054397166e-7 - 1.8957792116802068e-6im,3.2208703786877156e-6 - 1.4711493764520921e-6im,3.937907784127432e-6 - 3.3669285881322988e-6im
-1.3448275862068966,-0.9655172413793104,9.2982015994832e-7 - 1.8470499479978187e-6im,3.3280656328996466e-6 - 1.3847046864526994e-6im,4.257885792847967e-6 - 3.231754634450518e-6im
-1.3448275862068966,-0.8620689655172413,1.1453204404899388e-6 - 1.770659660536799e-6im,3.433916326692226e-6 - 1.2863489068565956e-6im,4.579236767182165e-6 - 3.0570085673933943e-6im
-1.3448275862068966,-0.7586206896551724,1.3593503123576288e-6 - 1.6641856576441949e-6im,3.536741702926928e-6 - 1.1752977956525387e-6im,4.8960920152845564e-6 - 2.8394834532967335e-6im
-1.3448275862068966,-0.6551724137931034,1.566783289804996e-6 - 1.5258815908516774e-6im,3.6345156801864703e-6 - 1.0510255019703106e-6im,5.201298969991466e-6 - 2.576907092821988e-6im
-1.3448275862068966,-0.5517241379310345,1.761639990110907e-6 - 1.3550238442656628e-6im,3.7248821219070905e-6 - 9.133942240791154e-7im,5.486522112017997e-6 - 2.268418068344778e-6im
-1.3448275862068966,-0.4482758620689655,1.937316362348588e-6 - 1.1522763544939908e-6im,3.8052850699087323e-6 - 7.628002459077087e-7im,5.74260143225732e-6 - 1.9150766004016998e-6im
-1.3448275862068966,-0.3448275862068966,2.086970708568152e-6 - 9.199980864805773e-7im,3.8730629971109306e-6 - 6.002752664559254e-7im,5.960033705679083e-6 - 1.5202733529365027e-6im
-1.3448275862068966,-0.2413793103448276,2.2040636160243403e-6 - 6.624220244279491e-7im,3.9256766681756645e-6 - 4.2757653705629085e-7im,6.129740284200005e-6 - 1.08999856148424e-6im
-1.3448275862068966,-0.13793103448275862,2.2829917753930715e-6 - 3.856247024286118e-7im,3.960950972737011e-6 - 2.4717030782165167e-7im,6.243942748130083e-6 - 6.327950102502635e-7im
-1.3448275862068966,-0.034482758620689655,2.319732135601088e-6 - 9.723229389804276e-8im,3.977320881065092e-6 - 6.212144602666183e-8im,6.29705301666618e-6 - 1.593537399247046e-7im
-1.3448275862068966,0.06896551724137931,2.3123400389405077e-6 + 1.9413205777411297e-7im,3.974029704187244e-6 + 1.2411200426091427e-7im,6.286369743127752e-6 + 3.1824406203502724e-7im
-1.3448275862068966,0.1724137931034483,2.2612098448925633e-6 + 4.795823107427348e-7im,3.951231273800594e-6 + 3.0798333892780227e-7im,6.212441118693157e-6 + 7.875656496705371e-7im
-1.3448275862068966,0.27586206896551724,2.1690231849124092e-6 + 7.507522156193812e-7im,3.909968092519382e-6 + 4.86134743436569e-7im,6.0789912774317905e-6 + 1.2368869590559501e-6im
-1.3448275862068966,0.3793103448275862,2.0403942851584548e-6 + 1.0004834191795937e-6im,3.8520350433669845e-6 + 6.556824399716456e-7im,5.892429328525439e-6 + 1.6561658591512393e-6im
-1.3448275862068966,0.4827586206896552,1.8813116346267116e-6 + 1.2232940926428895e-6im,3.77975577479632e-6 + 8.143860199790664e-7im,5.661067409423032e-6 + 2.037680112621956e-6im
-1.3448275862068966,0.5862068965517241,1.6984833229072421e-6 + 1.4155848298766462e-6im,3.695735977381034e-6 + 9.607440954035e-7im,5.394219300288276e-6 + 2.376328925280146e-6im
-1.3448275862068966,0.6896551724137931,1.4987244807539057e-6 + 1.5755892764263454e-6im,3.6026240654436936e-6 + 1.093936450620389e-6im,5.1013485461975995e-6 + 2.6695257270467345e-6im
-1.3448275862068966,0.7931034482758621,1.288467601055935e-6 + 1.70314488637915e-6im,3.5029218270508936e-6 + 1.2137647466946343e-6im,4.791389428106828e-6 + 2.9169096330737843e-6im
-1.3448275862068966,0.896551724137931,1.0734238786383522e-6 + 1.7993566475649098e-6im,3.3988784042982494e-6 + 1.3205100510705981e-6im,4.4723022829366016e-6 + 3.119866698635508e-6im
-1.3448275862068966,1.0,8.584113180515502e-7 + 1.866233329226505e-6im,3.292410870967282e-6 + 1.4147992504701143e-6im,4.150822189018832e-6 + 3.2810325796966195e-6im
-1.2413793103448276,-2.0,-8.505385476944883e-7 - 1.6550675120173798e-6im,2.353238305926207e-6 - 1.954081010810028e-6im,1.5026997582317188e-6 - 3.609148522827408e-6im
-1.2413793103448276,-1.896551724137931,-7.274411221544378e-7 - 1.748577272269639e-6im,2.44378464440645e-6 - 1.9374659625040486e-6im,1.7163435222520123e-6 - 3.6860432347736874e-6im
-1.2413793103448276,-1.793103448275862,-5.914538464233902e-7 - 1.836551267841393e-6im,2.538136085377683e-6 - 1.9165517313282544e-6im,1.946682238954293e-6 - 3.7531029991696472e-6im
-1.2413793103448276,-1.6896551724137931,-4.419490518348921e-7 - 1.917344578070648e-6im,2.6363660113318433e-6 - 1.8907093170508901e-6im,2.194416959496951e-6 - 3.8080538951215384e-6im
-1.2413793103448276,-1.5862068965517242,-2.784135617472887e-7 - 1.9890161679314743e-6im,2.73849871012243e-6 - 1.8592185954946663e-6im,2.4600851483751414e-6 - 3.8482347634261404e-6im
-1.2413793103448276,-1.4827586206896552,-1.0051793001107363e-7 - 2.049299635263802e-6im,2.8444834717493035e-6 - 1.8212532192973444e-6im,2.74396554173823e-6 - 3.870552854561147e-6im
-1.2413793103448276,-1.3793103448275863,9.179864692011401e-8 - 2.0955799383376576e-6im,2.9541692102573967e-6 - 1.7758777487639555e-6im,3.045967857177511e-6 - 3.871457687101613e-6im
-1.2413793103448276,-1.2758620689655173,2.9821545391527337e-7 - 2.1248819738596274e-6im,3.067258185356702e-6 - 1.722039703030866e-6im,3.3654736392719755e-6 - 3.846921676890493e-6im
-1.2413793103448276,-1.1724137931034482,5.17891138920788e-7 - 2.1338796522293125e-6im,3.1832679583712644e-6 - 1.6585755406551513e-6im,3.7011590972920523e-6 - 3.792455192884464e-6im
-1.2413793103448276,-1.0689655172413792,7.493013328022147e-7 - 2.1189518117841964e-6im,3.301468775211871e-6 - 1.5842329527428696e-6im,4.050770108014085e-6 - 3.703184764527066e-6im
-1.2413793103448276,-0.9655172413793104,9.900513007069318e-7 - 2.076289302053123e-6im,3.420815563359058e-6 - 1.4976993881514935e-6im,4.4108668640659894e-6 - 3.5739886902046163e-6im
-1.2413793103448276,-0.8620689655172413,1.2366849009232928e-6 - 2.0020763041303057e-6im,3.5398763433181486e-6 - 1.3976746934690383e-6im,4.776561244241441e-6 - 3.399750997599344e-6im
-1.2413793103448276,-0.7586206896551724,1.4845223603994636e-6 - 1.8927806953905903e-6im,3.65678147840663e-6 - 1.2829689142967272e-6im,5.141303838806093e-6 - 3.1757496096873175e-6im
-1.2413793103448276,-0.6551724137931034,1.727557905520118e-6 - 1.745541903746925e-6im,3.7691736594079473e-6 - 1.1526466701655165e-6im,5.496731564928065e-6 - 2.8981885739124413e-6im
-1.2413793103448276,-0.5517241379310345,1.958493113834862e-6 - 1.5586595759195485e-6im,3.874204816782392e-6 - 1.006208562403801e-6im,5.832697930617254e-6 - 2.5648681383233498e-6im
-1.2413793103448276,-0.4482758620689655,2.1689552314659005e-6 - 1.3321483296436584e-6im,3.9686306309732255e-6 - 8.43803562750049e-7im,6.137585862439126e-6 - 2.1759518923937072e-6im
-1.2413793103448276,-0.3448275862068966,2.3499886682714617e-6 - 1.0682572737885732e-6im,4.04899527116178e-6 - 6.664268434855923e-7im,6.398983939433242e-6 - 1.7346841172741655e-6im
-1.2413793103448276,-0.2413793103448276,2.4927865073507775e-6 - 7.718302866813725e-7im,4.111886586039576e-6 - 4.7606933537522683e-7im,6.604673093390354e-6 - 1.2478996220565992e-6im
-1.2413793103448276,-0.13793103448275862,2.589622468814325e-6 - 4.503719515801585e-7im,4.15430706646218e-6 - 2.757470460116686e-7im,6.7439295352765055e-6 - 7.261189975918271e-7im
-1.2413793103448276,-0.034482758620689655,2.6348616472415707e-6 - 1.1368264267931695e-7im,4.174065010744492e-6 - 6.936808873298227e-8im,6.808926657986063e-6 - 1.830507314122992e-7im
-1.2413793103448276,0.06896551724137931,2.6257511017792605e-6 + 2.2692646491007495e-7im,4.1700889560040245e-6 + 1.3856422391043192e-7im,6.7958400577832846e-6 + 3.6549068882050687e-7im
-1.2413793103448276,0.1724137931034483,2.5628510878719766e-6 + 5.597419231500061e-7im,4.1425971784289016e-6 + 3.4340291403736876e-7im,6.7054482663008786e-6 + 9.031448371873749e-7im
-1.2413793103448276,0.27586206896551724,2.4499456787895943e-6 + 8.738441194329224e-7im,4.09306234058889e-6 + 5.407983386489833e-7im,6.543008019378484e-6 + 1.4146424580819056e-6im
-1.2413793103448276,0.3793103448275862,2.2934704756985996e-6 + 1.1601308339024785e-6im,4.0239848647187025e-6 + 7.271144671050098e-7im,6.317455340417302e-6 + 1.8872453010074884e-6im
-1.2413793103448276,0.4827586206896552,2.10162333624452e-6 + 1.411967360932092e-6im,3.9385445481136675e-6 + 8.996705885137049e-7im,6.0401678843581875e-6 + 2.3116379494457968e-6im
-1.2413793103448276,0.5862068965517241,1.8833573344093728e-6 + 1.6253989062086577e-6im,3.8402060272294215e-6 + 1.056818472321615e-6im,5.723563361638794e-6 + 2.6822173785302728e-6im
-1.2413793103448276,0.6896551724137931,1.6475048164234032e-6 + 1.7989719528465503e-6im,3.7323757305371285e-6 + 1.1978645639584954e-6im,5.3798805469605314e-6 + 2.9968365168050457e-6im
-1.2413793103448276,0.7931034482758621,1.4021193984110439e-6 + 1.933306579193826e-6im,3.6181873681224063e-6 + 1.3229001643205374e-6im,5.02030676653345e-6 + 3.2562067435143636e-6im
-1.2413793103448276,0.896551724137931,1.1540825033038513e-6 + 2.030547417908395e-6im,3.5003266162734787e-6 + 1.4325922669240053e-6im,4.6544091195773305e-6 + 3.4631396848324e-6im
-1.2413793103448276,1.0,9.089531781912329e-7 + 2.0938303364536303e-6im,3.3809849981570275e-6 + 1.5279799308419421e-6im,4.289938176348261e-6 + 3.6218102672955724e-6im
-1.1379310344827587,-2.0,-9.526391714154376e-7 - 1.7738787482203123e-6im,2.3659577348324573e-6 - 2.0446105404312346e-6im,1.4133185634170197e-6 - 3.818489288651547e-6im
-1.1379310344827587,-1.896551724137931,-8.251369011201954e-7 - 1.8806386298839745e-6im,2.460450202237566e-6 - 2.0320263075948535e-6im,1.6353133011173705e-6 - 3.912664937478828e-6im
-1.1379310344827587,-1.793103448275862,-6.832026170876074e-7 - 1.982670457015974e-6im,2.5593468202890388e-6 - 2.0152800791319375e-6im,1.8761442032014313e-6 - 3.997950536147911e-6im
-1.1379310344827587,-1.6896551724137931,-5.25911052214682e-7 - 2.0782515418793476e-6im,2.6628184411195613e-6 - 1.993708477866297e-6im,2.1369073889048793e-6 - 4.071960019745644e-6im
-1.1379310344827587,-1.5862068965517242,-3.524058673865299e-7 - 2.165322644000129e-6im,2.7709987616678324e-6 - 1.9665354669429084e-6im,2.4185928942813025e-6 - 4.1318581109430374e-6im
-1.1379310344827587,-1.4827586206896552,-1.6197430575925179e-7 - 2.2414101222995895e-6im,2.8839608672840913e-6 - 1.932854321006089e-6im,2.7219865615248396e-6 - 4.174264443305679e-6im
-1.1379310344827587,-1.3793103448275863,4.586148662724587e-8 - 2.3035882310656497e-6im,3.0016871896390444e-6 - 1.8916114242860548e-6im,3.0475486762662902e-6 - 4.195199655351704e-6im
-1.1379310344827587,-1.2758620689655173,2.712151850027565e-7 - 2.348435758471001e-6im,3.124021680550802e-6 - 1.8415903680872184e-6im,3.395236865553559e-6 - 4.190026126558219e-6im
-1.1379310344827587,-1.1724137931034482,5.13666452452729e-7 - 2.3720061141344756e-6im,3.250619373503189e-6 - 1.7814070513141961e-6im,3.764285825955918e-6 - 4.153413165448672e-6im
-1.1379310344827587,-1.0689655172413792,7.720493581133976e-7 - 2.369857472983135e-6im,3.3808609277514084e-6 - 1.7095077350416748e-6im,4.152910285864806e-6 - 4.07936520802481e-6im
-1.1379310344827587,-0.9655172413793104,1.0441910921119697e-6 - 2.337119607937474e-6im,3.5137721929324834e-6 - 1.624203010272928e-6im,4.557963285044453e-6 - 3.961322618210402e-6im
-1.1379310344827587,-0.8620689655172413,1.3266218144905291e-6 - 2.2686835089854244e-6im,3.6479121579706796e-6 - 1.5237224866410961e-6im,4.974533972461209e-6 - 3.7924059956265208e-6im
-1.1379310344827587,-0.7586206896551724,1.614275036377289e-6 - 2.1595115785381307e-6im,3.7812553519988196e-6 - 1.40632849727907e-6im,5.395530388376109e-6 - 3.565840075817201e-6im
-1.1379310344827587,-0.6551724137931034,1.9002500898484894e-6 - 2.005130539077095e-6im,3.911118211432877e-6 - 1.2704906959543761e-6im,5.811368301281367e-6 - 3.275621235031471e-6im
-1.1379310344827587,-0.5517241379310345,2.175708102727529e-6 - 1.8023003764938638e-6im,4.03407754180446e-6 - 1.115132554860895e-6im,6.2097856445319895e-6 - 2.917432931354759e-6im
-1.1379310344827587,-0.4482758620689655,2.4300418524074663e-6 - 1.5498426757980955e-6im,4.146049062211866e-6 - 9.399477442784788e-7im,6.576090914619332e-6 - 2.489790420076574e-6im
-1.1379310344827587,-0.3448275862068966,2.651425948688715e-6 - 1.2495064691869081e-6im,4.242474055343295e-6 - 7.457348627260184e-7im,6.89390000403201e-6 - 1.9952413319129263e-6im
-1.1379310344827587,-0.2413793103448276,2.827814306097238e-6 - 9.066690218971598e-7im,4.318702361313185e-6 - 5.346807951613276e-7im,7.146516667410423e-6 - 1.4413498170584875e-6im
-1.1379310344827587,-0.13793103448275862,2.948344363421708e-6 - 5.306115125891036e-7im,4.370517593376051e-6 - 3.104811774224357e-7im,7.3188619567977585e-6 - 8.410926900115393e-7im
-1.1379310344827587,-0.034482758620689655,3.0049090296383827e-6 - 1.3412221128993886e-7im,4.3947640348221094e-6 - 7.819996463009778e-8im,7.399673064460492e-6 - 2.1232217592003664e-7im
-1.1379310344827587,0.06896551724137931,2.993504407953177e-6 + 2.676518813264425e-7im,4.389878878398162e-6 + 1.5616793111305154e-7im,7.383383286351339e-6 + 4.2381981243949406e-7im
-1.1379310344827587,0.1724137931034483,2.914948379713e-6 + 6.589284283378757e-7im,4.35618152266314e-6 + 3.86387034334074e-7im,7.27112990237614e-6 + 1.0453154626719497e-6im
-1.1379310344827587,0.27586206896551724,2.7747311516315837e-6 + 1.025176712825738e-6im,4.295812979425904e-6 + 6.067061225763839e-7im,7.070544131057488e-6 + 1.631882835402122e-6im
-1.1379310344827587,0.3793103448275862,2.582044815576124e-6 + 1.354686938960803e-6im,4.212349343921226e-6 + 8.124826017033165e-7im,6.79439415949735e-6 + 2.1671695406641194e-6im
-1.1379310344827587,0.4827586206896552,2.3483256614185917e-6 + 1.6394706133605315e-6im,4.110223271108087e-6 + 1.0005228943080066e-6im,6.4585489325266784e-6 + 2.639993507668538e-6im
-1.1379310344827587,0.5862068965517241,2.085678491139027e-6 + 1.8754184673269181e-6im,3.994100504594216e-6 + 1.1691261052092011e-6im,6.079778995733243e-6 + 3.044544572536119e-6im
-1.1379310344827587,0.6896551724137931,1.8056185073982573e-6 + 2.061848368549953e-6im,3.86841419365748e-6 + 1.317898472884323e-6im,5.6740327010557375e-6 + 3.3797468414342763e-6im
-1.1379310344827587,0.7931034482758621,1.518196327677491e-6 + 2.2007227106225548e-6im,3.737047130946839e-6 + 1.4474402007814229e-6im,5.25524345862433e-6 + 3.648162911403978e-6im
-1.1379310344827587,0.896551724137931,1.2316127764307785e-6 + 2.295779351316915e-6im,3.603173272965888e-6 + 1.5590114938347542e-6im,4.834786049396666e-6 + 3.854790845151669e-6im
-1.1379310344827587,1.0,9.521329586145688e-7 + 2.3517445997976543e-6im,3.469250122404149e-6 + 1.6542361039862229e-6im,4.421383081018718e-6 + 4.005980703783878e-6im
-1.0344827586206897,-2.0,-1.0682178551908893e-6 - 1.8959592472816605e-6im,2.3744637001957717e-6 - 2.138721724399261e-6im,1.3062458450048824e-6 - 4.0346809716809215e-6im
-1.0344827586206897,-1.896551724137931,-9.372676071523878e-7 - 2.017378837683373e-6im,2.472706992533225e-6 - 2.1307255657483613e-6im,1.5354393853808372e-6 - 4.1481044034317345e-6im
-1.0344827586206897,-1.793103448275862,-7.903223692087076e-7 - 2.1351748624975255e-6im,2.5759765747412385e-6 - 2.118815032819827e-6im,1.7856542055325308e-6 - 4.2539898953173525e-6im
-1.0344827586206897,-1.6896551724137931,-6.261086975333488e-7 - 2.247606169054869e-6im,2.6845523568238976e-6 - 2.1022874856231545e-6im,2.058443659290549e-6 - 4.349893654678023e-6im
-1.0344827586206897,-1.5862068965517242,-4.4336320036903244e-7 - 2.3525372529366414e-6im,2.7987020249946053e-6 - 2.0803364382560234e-6im,2.3553388246255727e-6 - 4.432873691192665e-6im
-1.0344827586206897,-1.4827586206896552,-2.408944737812557e-7 - 2.447347940752172e-6im,2.918653237255439e-6 - 2.05199056996154e-6im,2.6777587634741835e-6 - 4.499338510713712e-6im
-1.0344827586206897,-1.3793103448275863,-1.76808197691957e-8 - 2.528839393063309e-6im,3.044564546230097e-6 - 2.0160943121682895e-6im,3.0268837264609014e-6 - 4.544933705231598e-6im
-1.0344827586206897,-1.2758620689655173,2.269934658483802e-7 - 2.593178146812453e-6im,3.1764808491395193e-6 - 1.9712774406814075e-6im,3.4034743149878995e-6 - 4.56445558749386e-6im
-1.0344827586206897,-1.1724137931034482,4.933438679199382e-7 - 2.6357813418484265e-6im,3.314263321424899e-6 - 1.9159275035391196e-6im,3.807607189344837e-6 - 4.551708845387546e-6im
-1.0344827586206897,-1.0689655172413792,7.808227396366801e-7 - 2.651306927384652e-6im,3.45750469021212e-6 - 1.848173034558378e-6im,4.2383274298488e-6 - 4.49947996194303e-6im
-1.0344827586206897,-0.9655172413793104,1.0877771735462554e-6 - 2.6336576834309456e-6im,3.605405674034021e-6 - 1.7658849298394081e-6im,4.693182847580276e-6 - 4.399542613270354e-6im
-1.0344827586206897,-0.8620689655172413,1.4110267790223536e-6 - 2.5761148198519066e-6im,3.75662498755351e-6 - 1.6667160854632259e-6im,5.167651766575863e-6 - 4.242830905315133e-6im
-1.0344827586206897,-0.7586206896551724,1.745376680677839e-6 - 2.471653518104283e-6im,3.909095468000888e-6 - 1.5482066886929413e-6im,5.6544721486787275e-6 - 4.019860206797224e-6im
-1.0344827586206897,-0.6551724137931034,2.0831496696281817e-6 - 2.3135092865503296e-6im,4.059846889968231e-6 - 1.4079811251355318e-6im,6.142996559596413e-6 - 3.721490411685861e-6im
-1.0344827586206897,-0.5517241379310345,2.413830780493157e-6 - 2.0960604003858303e-6im,4.204851379038525e-6 - 1.2440685123700767e-6im,6.618682159531682e-6 - 3.340128912755907e-6im
-1.0344827586206897,-0.4482758620689655,2.724032495643161e-6 - 1.8160332260772677e-6im,4.338989962144058e-6 - 1.0553562061573144e-6im,7.063022457787219e-6 - 2.8713894322345823e-6im
-1.0344827586206897,-0.3448275862068966,2.9980519258247176e-6 - 1.473927037184098e-6im,4.456223301811499e-6 - 8.421441404326443e-7im,7.454275227636217e-6 - 2.316071177616742e-6im
-1.0344827586206897,-0.2413793103448276,3.2191673871208835e-6 - 1.07533378437416e-6im,4.5501101573465705e-6 - 6.066747174464482e-7im,7.769277544467453e-6 - 1.682008501820608e-6im
-1.0344827586206897,-0.13793103448275862,3.371733886730592e-6 - 6.316931992432897e-7im,4.6145705045233355e-6 - 3.5345720049715863e-7im,7.986304391253927e-6 - 9.851503997404483e-7im
-1.0344827586206897,-0.034482758620689655,3.443756577713994e-6 - 1.59957519593455e-7im,4.644918701111467e-6 - 8.916509885534764e-8im,8.088675278825461e-6 - 2.4912261844880265e-7im
-1.0344827586206897,0.06896551724137931,3.429213179230059e-6 + 3.1909328884823245e-7im,4.638794518488168e-6 + 1.7800844529625214e-7im,8.068007697718227e-6 + 4.971017341444846e-7im
-1.0344827586206897,0.1724137931034483,3.3293385808236623e-6 + 7.836329752236102e-7im,4.596682573476231e-6 + 4.394628892471809e-7im,7.926021154299893e-6 + 1.223095864470791e-6im
-1.0344827586206897,0.27586206896551724,3.152355786567387e-6 + 1.2138907990079535e-6im,4.5218029681570715e-6 + 6.874068811713457e-7im,7.674158754724459e-6 + 1.9012976801792993e-6im
-1.0344827586206897,0.3793103448275862,2.9117621704104836e-6 + 1.5946312924156486e-6im,4.4194186601790525e-6 + 9.158435905034381e-7im,7.331180830589536e-6 + 2.5104748829190867e-6im
-1.0344827586206897,0.4827586206896552,2.623837666015407e-6 + 1.9163913634720672e-6im,4.295844158424861e-6 + 1.1210332465046356e-6im,6.9196818244402675e-6 + 3.037424609976703e-6im
-1.0344827586206897,0.5862068965517241,2.3051610184326803e-6 + 2.175398773465515e-6im,4.1574501529577664e-6 + 1.3014299430685273e-6im,6.462611171390447e-6 + 3.4768287165340423e-6im
-1.0344827586206897,0.6896551724137931,1.970767143285512e-6 + 2.3725713580330652e-6im,4.010013584007876e-6 + 1.4572704827029068e-6im,5.980780727293387e-6 + 3.829841840735972e-6im
-1.0344827586206897,0.7931034482758621,1.6331111453843653e-6 + 2.512118163767062e-6im,3.85829478121255e-6 + 1.590009732904606e-6im,5.491405926596915e-6 + 4.102127896671668e-6im
-1.0344827586206897,0.896551724137931,1.3017394305516453e-6 + 2.6001604186662375e-6im,3.7059608312868952e-6 + 1.701799252390919e-6im,5.007700261838541e-6 + 4.3019596710571565e-6im
-1.0344827586206897,1.0,9.834545823516692e-7 + 2.6436317769094542e-6im,3.5556576239055115e-6 + 1.7950706752994317e-6im,4.539112206257181e-6 + 4.4387024522088855e-6im
-0.9310344827586207,-2.0,-1.1985399299138843e-6 - 2.0202156438659386e-6im,2.3782334669858697e-6 - 2.236172986580357e-6im,1.1796935370719854e-6 - 4.256388630446295e-6im
-0.9310344827586207,-1.896551724137931,-1.065387701039345e-6 - 2.1576918966570476e-6im,2.479940952178958e-6 - 2.2333388356721806e-6im,1.4145532511396127e-6 - 4.391030732329228e-6im
-0.9310344827586207,-1.793103448275862,-9.147110879816124e-7 - 2.292974834428278e-6im,2.58729402807121e-6 - 2.226929925700252e-6im,1.6725829400895977e-6 - 4.5199047601285305e-6im
-0.9310344827586207,-1.6896551724137931,-7.448505433342623e-7 - 2.4243835314583013e-6im,2.7007067355004116e-6 - 2.216264261128117e-6im,1.9558561921661494e-6 - 4.640647792586418e-6im
-0.9310344827586207,-1.5862068965517242,-5.540701403959641e-7 - 2.5497841293864876e-6im,2.8205917882295027e-6 - 2.200500732787543e-6im,2.2665216478335385e-6 - 4.750284862174031e-6im
-0.9310344827586207,-1.4827586206896552,-3.40609079951235e-7 - 2.6664866756065237e-6im,2.947366156112584e-6 - 2.1786416610544668e-6im,2.6067570761613487e-6 - 4.8451283366609905e-6im
-0.9310344827586207,-1.3793103448275863,-1.0276496554623782e-7 - 2.771130134858389e-6im,3.0814091447443175e-6 - 2.1494578626198885e-6im,2.9786441791980795e-6 - 4.9205879974782775e-6im
-0.9310344827586207,-1.2758620689655173,1.6097102374431188e-7 - 2.8595205982345844e-6im,3.223028913350587e-6 - 2.111453834461945e-6im,3.383999937094899e-6 - 4.9709744326965295e-6im
-0.9310344827586207,-1.1724137931034482,4.5171021827193634e-7 - 2.926505574744916e-6im,3.3723860505406346e-6 - 2.0628101509728954e-6im,3.8240962688125705e-6 - 4.989315725717811e-6im
-0.9310344827586207,-1.0689655172413792,7.698666811190031e-7 - 2.9658260257997273e-6im,3.529400429147499e-6 - 2.0013352751088085e-6im,4.299267110266502e-6 - 4.967161300908536e-6im
-0.9310344827586207,-0.9655172413793104,1.1147337043420664e-6 - 2.970030443936809e-6im,3.6936031277808235e-6 - 1.924426326529292e-6im,4.80833683212289e-6 - 4.894456770466101e-6im
-0.9310344827586207,-0.8620689655172413,1.4839104078041517e-6 - 2.930497227190786e-6im,3.86393374480191e-6 - 1.8290602254613433e-6im,5.347844152606061e-6 - 4.759557452652129e-6im
-0.9310344827586207,-0.7586206896551724,1.8725751755026039e-6 - 2.8376591586975077e-6im,4.038476095349872e-6 - 1.711864543439341e-6im,5.911051270852476e-6 - 4.549523702136849e-6im
-0.9310344827586207,-0.6551724137931034,2.2726509692746455e-6 - 2.681579038016395e-6im,4.21413895275661e-6 - 1.5692992399007417e-6im,6.4867899220312555e-6 - 4.250878277917137e-6im
-0.9310344827586207,-0.5517241379310345,2.6720179055363942e-6 - 2.453027245926632e-6im,4.386328846296198e-6 - 1.398037771957901e-6im,7.058346751832592e-6 - 3.8510650178845335e-6im
-0.9310344827586207,-0.4482758620689655,3.054010124879402e-6 - 2.145167487343002e-6im,4.548740051156831e-6 - 1.1955955761221312e-6im,7.6027501760362335e-6 - 3.340763063465133e-6im
-0.9310344827586207,-0.3448275862068966,3.3977495450231097e-6 - 1.755841438338066e-6im,4.6933826311693465e-6 - 9.612015284557893e-7im,8.091132176192457e-6 - 2.717042966793855e-6im
-0.9310344827586207,-0.2413793103448276,3.679680580085187e-6 - 1.2900058385117268e-6im,4.811179896651647e-6 - 6.967937131156255e-7im,8.490860476736834e-6 - 1.9867995516273523e-6im
-0.9310344827586207,-0.13793103448275862,3.876693997423057e-6 - 7.615416757738781e-7im,4.893135746522487e-6 - 4.077730574760345e-7im,8.769829743945544e-6 - 1.1693147332499126e-6im
-0.9310344827586207,-0.034482758620689655,3.9704279190593595e-6 - 1.9329212663679213e-7im,4.932039410222119e-6 - 1.0308821145771828e-7im,8.902467329281478e-6 - 2.963803380945104e-7im
-0.9310344827586207,0.06896551724137931,3.95146233176074e-6 + 3.854073331667384e-7im,4.924172153955505e-6 + 2.057137100768256e-7im,8.875634485716244e-6 + 5.91121043243564e-7im
-0.9310344827586207,0.1724137931034483,3.821740242733966e-6 + 9.434131856240088e-7im,4.8703017461501814e-6 + 5.06362884673206e-7im,8.692041988884148e-6 + 1.4497760702972148e-6im
-0.9310344827586207,0.27586206896551724,3.5940513644462002e-6 + 1.4531224870659632e-6im,4.7754709320849865e-6 + 7.880072272338868e-7im,8.369522296531187e-6 + 2.24112971429985e-6im
-0.9310344827586207,0.3793103448275862,3.2888466275178353e-6 + 1.8945342001562884e-6im,4.647693468888718e-6 + 1.0428289745099412e-6im,7.936540096406553e-6 + 2.9373631746662296e-6im
-0.9310344827586207,0.4827586206896552,2.929820892440405e-6 + 2.256855645807999e-6im,4.496153441003729e-6 + 1.2666351897681398e-6im,7.425974333444134e-6 + 3.523490835576139e-6im
-0.9310344827586207,0.5862068965517241,2.5399079659829356e-6 + 2.5377576858650944e-6im,4.329670486592932e-6 + 1.458492896490307e-6im,6.869578452575868e-6 + 3.996250582355401e-6im
-0.9310344827586207,0.6896551724137931,2.1386815819711266e-6 + 2.7412327942312216e-6im,4.1557096577655616e-6 + 1.6198552983377269e-6im,6.294391239736688e-6 + 4.361088092568949e-6im
-0.9310344827586207,0.7931034482758621,1.7412771767486956e-6 + 2.875142942236351e-6im,3.979991228520122e-6 + 1.7535734643692764e-6im,5.721268405268818e-6 + 4.6287164066056275e-6im
-0.9310344827586207,0.896551724137931,1.3583894188520848e-6 + 2.9491106118398454e-6im,3.8065734155518724e-6 + 1.8631020061675675e-6im,5.164962834403957e-6 + 4.8122126180074125e-6im
-0.9310344827586207,1.0,9.969163690204056e-7 + 2.9730402080038255e-6im,3.638120461425336e-6 + 1.9519553631528815e-6im,4.635036830445741e-6 + 4.9249955711567074e-6im
-0.8275862068965517,-2.0,-1.3448105014708511e-6 - 2.145294397565012e-6im,2.3767514248980877e-6 - 2.3366313609951206e-6im,1.0319409234272366e-6 - 4.481925758560133e-6im
-0.8275862068965517,-1.896551724137931,-1.2110145508377122e-6 - 2.300133758777935e-6im,2.4815322448702386e-6 - 2.3395170724639067e-6im,1.2705176940325265e-6 - 4.639650831241841e-6im
-0.8275862068965517,-1.793103448275862,-1.0582711976190702e-6 - 2.4545736109168864e-6im,2.5925599939062304e-6 - 2.339289894660491e-6im,1.5342887962871601e-6 - 4.7938635055773775e-6im
-0.8275862068965517,-1.6896551724137931,-8.845071418772655e-7 - 2.6070743631464226e-6im,2.7103797853388354e-6 - 2.3352909534859547e-6im,1.82587264346157e-6 - 4.942365316632377e-6im
-0.8275862068965517,-1.5862068965517242,-6.87466688548023e-7 - 2.7556126880911236e-6im,2.8355877985848936e-6 - 2.326723200084646e-6im,2.148121110036871e-6 - 5.08233588817577e-6im
-0.8275862068965517,-1.4827586206896552,-4.647370357265112e-7 - 2.8975545797929856e-6im,2.9687963491880892e-6 - 2.312571012306862e-6im,2.504059313461578e-6 - 5.210125592099847e-6im
-0.8275862068965517,-1.3793103448275863,-2.1380420510346262e-7 - 3.0295071068866615e-6im,3.110656346870674e-6 - 2.291588557405996e-6im,2.896852141767211e-6 - 5.321095664292658e-6im
-0.8275862068965517,-1.2758620689655173,6.783257049692137e-8 - 3.1470832832756202e-6im,3.261798556891032e-6 - 2.2622067027423355e-6im,3.3296311273879536e-6 - 5.409289986017956e-6im
-0.8275862068965517,-1.1724137931034482,3.8247665842213694e-7 - 3.2446948941315755e-6im,3.422787921204381e-6 - 2.222453754503042e-6im,3.8052645796265183e-6 - 5.467148648634617e-6im
-0.8275862068965517,-1.0689655172413792,7.319230637955496e-7 - 3.3152612416582426e-6im,3.594011336338219e-6 - 2.1698617567627425e-6im,4.325934400133768e-6 - 5.4851229984209855e-6im
-0.8275862068965517,-0.9655172413793104,1.116982610913354e-6 - 3.349976661516144e-6im,3.775530572058217e-6 - 2.1013607812348736e-6im,4.892513182971571e-6 - 5.451337442751017e-6im
-0.8275862068965517,-0.8620689655172413,1.5367655821653037e-6 - 3.3381084700539957e-6im,3.966837181349186e-6 - 2.013202710357516e-6im,5.50360276351449e-6 - 5.351311180411512e-6im
-0.8275862068965517,-0.7586206896551724,1.9876768752355155e-6 - 3.267005350977762e-6im,4.166486074204707e-6 - 1.900920557128638e-6im,6.154162949440222e-6 - 5.1679259081064e-6im
-0.8275862068965517,-0.6551724137931034,2.4620898554647647e-6 - 3.1225045449372383e-6im,4.371607501599097e-6 - 1.7594455826520155e-6im,6.833697357063861e-6 - 4.881950127589254e-6im
-0.8275862068965517,-0.5517241379310345,2.9468254834397555e-6 - 2.8900687326067603e-6im,4.577302611611891e-6 - 1.5834713638396305e-6im,7.524128095051647e-6 - 4.473540096446391e-6im
-0.8275862068965517,-0.4482758620689655,3.42175563720076e-6 - 2.5569744128970254e-6im,4.77604820127062e-6 - 1.3682408526559945e-6im,8.19780383847138e-6 - 3.92521526555302e-6im
-0.8275862068965517,-0.3448275862068966,3.859294730942055e-6 - 2.1158023571959006e-6im,4.9573875788209475e-6 - 1.1108721182135763e-6im,8.816682309763002e-6 - 3.2266744754094767e-6im
-0.8275862068965517,-0.2413793103448276,4.225900374244886e-6 - 1.5688775063655947e-6im,5.108390278739397e-6 - 8.121472873786108e-7im,9.334290652984283e-6 - 2.3810247937442055e-6im
-0.8275862068965517,-0.13793103448275862,4.486478736125394e-6 - 9.323256103860407e-7im,5.215358914435252e-6 - 4.782139977258578e-7im,9.701837650560647e-6 - 1.4105396081118985e-6im
-0.8275862068965517,-0.034482758620689655,4.611783538718248e-6 - 2.3739937751778908e-7im,5.266760513003619e-6 - 1.212600809551696e-7im,9.878544051721867e-6 - 3.586594584729587e-7im
-0.8275862068965517,0.06896551724137931,4.5863592536333055e-6 + 4.7304543105468345e-7im,5.256346886091808e-6 + 2.4182734695130445e-7im,9.842706139725115e-6 + 7.14872778005988e-7im
-0.8275862068965517,0.1724137931034483,4.413417988305542e-6 + 1.1528347776758525e-6im,5.185391082681039e-6 + 5.92804540475805e-7im,9.59880907098658e-6 + 1.7456393181516574e-6im
-0.8275862068965517,0.27586206896551724,4.113784142206009e-6 + 1.7622572755090346e-6im,5.062281774710803e-6 + 9.160628309760309e-7im,9.176065916916812e-6 + 2.6783201064850654e-6im
-0.8275862068965517,0.3793103448275862,3.7195857186672345e-6 + 2.2749757965735414e-6im,4.899636189223735e-6 + 1.2013916371998427e-6im,8.61922190789097e-6 + 3.476367433773384e-6im
-0.8275862068965517,0.4827586206896552,3.2660887001728837e-6 + 2.679803557067623e-6im,4.711156903309981e-6 + 1.4445807054496204e-6im,7.977245603482866e-6 + 4.124384262517244e-6im
-0.8275862068965517,0.5862068965517241,2.7851894698407592e-6 + 2.9781739299422457e-6im,4.509078378185369e-6 + 1.6462795955442576e-6im,7.294267848026128e-6 + 4.624453525486504e-6im
-0.8275862068965517,0.6896551724137931,2.3020230228337748e-6 + 3.1797353342097117e-6im,4.302879422219761e-6 + 1.8101768147516903e-6im,6.604902445053535e-6 + 4.989912148961402e-6im
-0.8275862068965517,0.7931034482758621,1.8342854946396035e-6 + 3.2981397160935814e-6im,4.099150412040686e-6 + 1.9413312548238726e-6im,5.93343590668029e-6 + 5.239470970917454e-6im
-0.8275862068965517,0.896551724137931,1.3931325194839196e-6 + 3.3479838786960897e-6im,3.902045386920119e-6 + 2.0450338242295754e-6im,5.295177906404039e-6 + 5.3930177029256655e-6im
-0.8275862068965517,1.0,9.84682309888112e-7 + 3.343009452515624e-6im,3.7138961608944572e-6 + 2.1261784636688744e-6im,4.69857847078257e-6 + 5.469187916184498e-6im
-0.7241379310344828,-2.0,-1.508114364586069e-6 - 2.2695484499809128e-6im,2.3695258375449267e-6 - 2.439673847275865e-6im,8.614114729588578e-7 - 4.709222297256778e-6im
-0.7241379310344828,-1.896551724137931,-1.3755567129861688e-6 - 2.4429100910763124e-6im,2.476884582854008e-6 - 2.448799279898351e-6im,1.1013278698678392e-6 - 4.891709370974663e-6im
-0.7241379310344828,-1.793103448275862,-1.222820505809521e-6 - 2.6180355881754473e-6im,2.5910425449606866e-6 - 2.4553974696904384e-6im,1.3682220391511656e-6 - 5.073433057865886e-6im
-0.7241379310344828,-1.6896551724137931,-1.0474142181043492e-6 - 2.7936256845809695e-6im,2.7126827745460587e-6 - 2.4588672535787395e-6im,1.6652685564417095e-6 - 5.252492938159709e-6im
-0.7241379310344828,-1.5862068965517242,-8.46536354943357e-7 - 2.967905581977398e-6im,2.84258135590331e-6 - 2.4584816914029658e-6im,1.9960450009599532e-6 - 5.426387273380364e-6im
-0.7241379310344828,-1.4827586206896552,-6.170669122685871e-7 - 3.1384600130943178e-6im,2.9815729219436535e-6 - 2.453275107172535e-6im,2.3645060096750663e-6 - 5.591735120266852e-6im
-0.7241379310344828,-1.3793103448275863,-3.555781600467206e-7 - 3.3020586952312433e-6im,3.130606953121552e-6 - 2.4420502609905486e-6im,2.7750287930748314e-6 - 5.744108956221792e-6im
-0.7241379310344828,-1.2758620689655173,-5.839238798275822e-8 - 3.4543709228390434e-6im,3.2906996886622906e-6 - 2.4232480049921924e-6im,3.2323073006795324e-6 - 5.877618927831236e-6im
-0.7241379310344828,-1.1724137931034482,2.782822060373049e-7 - 3.5896300856003406e-6im,3.4629024596287124e-6 - 2.394837286471928e-6im,3.7411846656660174e-6 - 5.984467372072269e-6im
-0.7241379310344828,-1.0689655172413792,6.580911830284296e-7 - 3.7002169602984875e-6im,3.6482318724153782e-6 - 2.3541775838739935e-6im,4.306323055443808e-6 - 6.054394544172481e-6im
-0.7241379310344828,-0.9655172413793104,1.084064987615306e-6 - 3.7761765652276545e-6im,3.8475193586953956e-6 - 2.297831915007154e-6im,4.931584346310701e-6 - 6.074008480234809e-6im
-0.7241379310344828,-0.8620689655172413,1.5578301482923011e-6 - 3.804686304750883e-6im,4.061162082974877e-6 - 2.2213589445881193e-6im,5.618992231267178e-6 - 6.026045249339003e-6im
-0.7241379310344828,-0.7586206896551724,2.0783481998719655e-6 - 3.769653655376692e-6im,4.2886829733752865e-6 - 2.1191174661052703e-6im,6.367031173247252e-6 - 5.888771121481963e-6im
-0.7241379310344828,-0.6551724137931034,2.6400286031974724e-6 - 3.6516308713968106e-6im,4.528060051382823e-6 - 1.98416816701202e-6im,7.168088654580296e-6 - 5.635799038408831e-6im
-0.7241379310344828,-0.5517241379310345,3.230143776728091e-6 - 3.4286209653675507e-6im,4.774719683947215e-6 - 1.8084587874499014e-6im,8.004863460675305e-6 - 5.2370797528174525e-6im
-0.7241379310344828,-0.4482758620689655,3.82579301275243e-6 - 3.078484336217249e-6im,5.020309565495096e-6 - 1.583628793296453e-6im,8.846102578247525e-6 - 4.662113129513702e-6im
-0.7241379310344828,-0.3448275862068966,4.3914395132022965e-6 - 2.583892097778956e-6im,5.2515375814117794e-6 - 1.3028259009503513e-6im,9.642977094614076e-6 - 3.886717998729307e-6im
-0.7241379310344828,-0.2413793103448276,4.87907841160879e-6 - 1.9400494361223643e-6im,5.449980501546268e-6 - 9.637770018740227e-7im,1.0329058913155057e-5 - 2.903826437996387e-6im
-0.7241379310344828,-0.13793103448275862,5.2339333650446435e-6 - 1.163567881116419e-6im,5.5941367623673824e-6 - 5.725237548468619e-7im,1.0828070127412026e-5 - 1.7360916359632808e-6im
-0.7241379310344828,-0.034482758620689655,5.407164373762406e-6 - 2.976272084097264e-7im,5.664482650063302e-6 - 1.4581105357322472e-7im,1.1071647023825708e-5 - 4.434382619829511e-7im
-0.7241379310344828,0.06896551724137931,5.371876167922147e-6 + 5.925075326062005e-7im,5.650154274073375e-6 + 2.905275974973859e-7im,1.1022030441995522e-5 + 8.830351301035864e-7im
-0.7241379310344828,0.1724137931034483,5.133715205629339e-6 + 1.4350170018648786e-6im,5.553433312773912e-6 + 7.079331501468501e-7im,1.0687148518403252e-5 + 2.142950152011729e-6im
-0.7241379310344828,0.27586206896551724,4.728549542867998e-6 + 2.170748984650802e-6im,5.388786841000797e-6 + 1.0831006411985542e-6im,1.0117336383868795e-5 + 3.2538496258493564e-6im
-0.7241379310344828,0.3793103448275862,4.2089665330172264e-6 + 2.765460677621981e-6im,5.177101504631105e-6 + 1.4029216311252823e-6im,9.386068037648332e-6 + 4.168382308747263e-6im
-0.7241379310344828,0.4827586206896552,3.6285477409988137e-6 + 3.210563700090011e-6im,4.93927441095872e-6 + 1.6645126363804023e-6im,8.567822151957534e-6 + 4.875076336470413e-6im
-0.7241379310344828,0.5862068965517241,3.031451278187298e-6 + 3.5160284394322454e-6im,4.692113461016984e-6 + 1.8720818128684446e-6im,7.72356473920428e-6 + 5.38811025230069e-6im
-0.7241379310344828,0.6896551724137931,2.4488345085164732e-6 + 3.7015159144962588e-6im,4.447166605190306e-6 + 2.033265007936212e-6im,6.896001113706779e-6 + 5.734780922432471e-6im
-0.7241379310344828,0.7931034482758621,1.8998730132873265e-6 + 3.789526433466574e-6im,4.211383726063455e-6 + 2.156463107351501e-6im,6.111256739350782e-6 + 5.9459895408180755e-6im
-0.7241379310344828,0.896551724137931,1.3945893884225356e-6 + 3.8013781497095175e-6im,3.988358472525712e-6 + 2.2494076022892802e-6im,5.382947860948248e-6 + 6.050785751998798e-6im
-0.7241379310344828,1.0,9.368033195819423e-7 + 3.755431476535857e-6im,3.77950214797429e-6 + 2.3186074754406484e-6im,4.716305467556233e-6 + 6.0740389519765055e-6im
-0.6206896551724138,-2.0,-1.689351257694093e-6 - 2.3910545679578417e-6im,2.3561136981249853e-6 - 2.544775274133989e-6im,6.667624404308923e-7 - 4.93582984209183e-6im
-0.6206896551724138,-1.896551724137931,-1.56022975863073e-6 - 2.5838646759077637e-6im,2.4654497163717027e-6 - 2.5606235555018506e-6im,9.052199577409727e-7 - 5.144488231409615e-6im
-0.6206896551724138,-1.793103448275862,-1.4099875366439485e-6 - 2.780953466369265e-6im,2.5820568710856432e-6 - 2.5746058062833206e-6im,1.1720693344416948e-6 - 5.355559272652585e-6im
-0.6206896551724138,-1.6896551724137931,-1.2357378316626436e-6 - 2.981383651961591e-6im,2.7067593718088883e-6 - 2.586284858265717e-6im,1.4710215401462447e-6 - 5.567668510227308e-6im
-0.6206896551724138,-1.5862068965517242,-1.0341465142125681e-6 - 3.183770830448373e-6im,2.840488971286064e-6 - 2.5950060073843535e-6im,1.8063424570734957e-6 - 5.778776837832727e-6im
-0.6206896551724138,-1.4827586206896552,-8.013741607057405e-7 - 3.386137075346431e-6im,2.9843202386641372e-6 - 2.599938752806872e-6im,2.1829460779583967e-6 - 5.986075828153303e-6im
-0.6206896551724138,-1.3793103448275863,-5.330258384218331e-7 - 3.585664946232506e-6im,3.1395074553673398e-6 - 2.6000151596682176e-6im,2.6064816169455066e-6 - 6.185680105900724e-6im
-0.6206896551724138,-1.2758620689655173,-2.2412495493509303e-7 - 3.778408633235334e-6im,3.3074844311567753e-6 - 2.5937954775343944e-6im,3.083359476221682e-6 - 6.372204110769728e-6im
-0.6206896551724138,-1.1724137931034482,1.3085999484893004e-7 - 3.95885046147823e-6im,3.4898637594154317e-6 - 2.579339468435931e-6im,3.620723754264362e-6 - 6.538189929914161e-6im
-0.6206896551724138,-1.0689655172413792,5.378733634381406e-7 - 4.119326960131292e-6im,3.68842654066571e-6 - 2.5540149284857823e-6im,4.226299904103851e-6 - 6.673341888617074e-6im
-0.6206896551724138,-0.9655172413793104,1.002929540874418e-6 - 4.249264624926171e-6im,3.905018380774856e-6 - 2.514227630843395e-6im,4.907947921649273e-6 - 6.763492255769566e-6im
-0.6206896551724138,-0.8620689655172413,1.531404246833017e-6 - 4.334231982885893e-6im,4.141358743966431e-6 - 2.455060263584335e-6im,5.672762990799448e-6 - 6.789292246470228e-6im
-0.6206896551724138,-0.7586206896551724,2.126684927263162e-6 - 4.35482283600138e-6im,4.398611790282261e-6 - 2.369822396304037e-6im,6.525296717545424e-6 - 6.724645232305418e-6im
-0.6206896551724138,-0.6551724137931034,2.7878327691845223e-6 - 4.285653629992902e-6im,4.676592974370884e-6 - 2.2495678493508925e-6im,7.464425743555406e-6 - 6.535221479343794e-6im
-0.6206896551724138,-0.5517241379310345,3.50575035398293e-6 - 4.095008116018095e-6im,4.9723601728329535e-6 - 2.0827797392702633e-6im,8.478110526815884e-6 - 6.177787855288359e-6im
-0.6206896551724138,-0.4482758620689655,4.25759990467675e-6 - 3.746492089489008e-6im,5.278018874125953e-6 - 1.855727780676303e-6im,9.535618778802702e-6 - 5.602219870165311e-6im
-0.6206896551724138,-0.3448275862068966,5.000245956456355e-6 - 3.204886497078266e-6im,5.5778697601749945e-6 - 1.5544396523010477e-6im,1.057811571663135e-5 - 4.759326149379313e-6im
-0.6206896551724138,-0.2413793103448276,5.665885790885828e-6 - 2.4485877001623034e-6im,5.846128992307526e-6 - 1.1695179954454217e-6im,1.1512014783193354e-5 - 3.618105695607725e-6im
-0.6206896551724138,-0.13793103448275862,6.166838140977984e-6 - 1.488308252585922e-6im,6.048233106667003e-6 - 7.039666868912377e-7im,1.2215071247644988e-5 - 2.19227493947716e-6im
-0.6206896551724138,-0.034482758620689655,6.416906383457919e-6 - 3.832674775954709e-7im,6.149292610328409e-6 - 1.8049643958774643e-7im,1.2566198993786328e-5 - 5.637639171832173e-7im
-0.6206896551724138,0.06896551724137931,6.365659311227878e-6 + 7.619412406297808e-7im,6.128576248878845e-6 + 3.5914190693135275e-7im,1.2494235560106724e-5 + 1.1210831475611336e-6im
-0.6206896551724138,0.1724137931034483,6.023860021040337e-6 + 1.8284958227344697e-6im,5.990504948079682e-6 + 8.671563453112903e-7im,1.201436496912002e-5 + 2.69565216804576e-6im
-0.6206896551724138,0.27586206896551724,5.457720931538189e-6 + 2.72476813117683e-6im,5.762231014179599e-6 + 1.3072851279703513e-6im,1.1219951945717788e-5 + 4.032053259147181e-6im
-0.6206896551724138,0.3793103448275862,4.75738457148745e-6 + 3.4086767775396625e-6im,5.4799377990052595e-6 + 1.6638674618734338e-6im,1.023732237049271e-5 + 5.0725442394130965e-6im
-0.6206896551724138,0.4827586206896552,4.005386352040405e-6 + 3.882507520602305e-6im,5.175810539659374e-6 + 1.9390036589384578e-6im,9.181196891699778e-6 + 5.821511179540763e-6im
-0.6206896551724138,0.5862068965517241,3.2611906373778436e-6 + 4.17424384428956e-6im,4.872151570858227e-6 + 2.144360095670219e-6im,8.133342208236071e-6 + 6.318603939959779e-6im
-0.6206896551724138,0.6896551724137931,2.5604717593178614e-6 + 4.320518359328119e-6im,4.5817342791853215e-6 + 2.2942008508293273e-6im,7.1422060385031825e-6 + 6.614719210157446e-6im
-0.6206896551724138,0.7931034482758621,1.9207689683468917e-6 + 4.356546376167698e-6im,4.31050890500241e-6 + 2.4016326998923765e-6im,6.231277873349302e-6 + 6.758179076060075e-6im
-0.6206896551724138,0.896551724137931,1.3479288642526677e-6 + 4.311990731852956e-6im,4.060294742152578e-6 + 2.4773073621359863e-6im,5.408223606405246e-6 + 6.7892980939889424e-6im
-0.6206896551724138,1.0,8.411052237736409e-7 + 4.210144943531085e-6im,3.8307057612991615e-6 + 2.529368951503332e-6im,4.671810985072803e-6 + 6.739513895034417e-6im
-0.5172413793103449,-2.0,-1.889156157535466e-6 - 2.507620412057483e-6im,2.3361391671010233e-6 - 2.6513314175965804e-6im,4.4698300956555734e-7 - 5.158951829654063e-6im
-0.5172413793103449,-1.896551724137931,-1.7659603979174984e-6 - 2.72048605363655e-6im,2.4467519509301167e-6 - 2.6742610439527577e-6im,6.807915530126183e-7 - 5.394747097589308e-6im
-0.5172413793103449,-1.793103448275862,-1.6210882679205217e-6 - 2.940462087391248e-6im,2.5650046260942045e-6 - 2.6961208707772277e-6im,9.439163581736829e-7 - 5.636582958168476e-6im
-0.5172413793103449,-1.6896551724137931,-1.4513185913955362e-6 - 3.16708485371501e-6im,2.6918253799852756e-6 - 2.7166128552448494e-6im,1.2405067885897394e-6 - 5.883697708959859e-6im
-0.5172413793103449,-1.5862068965517242,-1.2528441797914315e-6 - 3.3995275586380323e-6im,2.8283179326225645e-6 - 2.7352634438609467e-6im,1.575473752831133e-6 - 6.134791002498979e-6im
-0.5172413793103449,-1.4827586206896552,-1.0211596506897868e-6 - 3.6364575369305114e-6im,2.9757426747244094e-6 - 2.75140098231859e-6im,1.9545830240346226e-6 - 6.387858519249102e-6im
-0.5172413793103449,-1.3793103448275863,-7.509328935123954e-7 - 3.8758047808718e-6im,3.135651989309671e-6 - 2.7641943582548674e-6im,2.384719095797276e-6 - 6.639999139126667e-6im
-0.5172413793103449,-1.2758620689655173,-4.358665175899033e-7 - 4.114401731763182e-6im,3.3098915356690677e-6 - 2.7724646461600803e-6im,2.8740250180791644e-6 - 6.886866377923262e-6im
-0.5172413793103449,-1.1724137931034482,-6.856889539866772e-8 - 4.347562141730382e-6im,3.5006595366603837e-6 - 2.774549256292106e-6im,3.4320906412617158e-6 - 7.122111398022489e-6im
-0.5172413793103449,-1.0689655172413792,3.5952165585436127e-7 - 4.568332376588378e-6im,3.7105701439379135e-6 - 2.7680974447442153e-6im,4.070091799792275e-6 - 7.336429821332594e-6im
-0.5172413793103449,-0.9655172413793104,8.580745367448404e-7 - 4.7664972276822455e-6im,3.942682640981048e-6 - 2.7497094679483184e-6im,4.8007571777258884e-6 - 7.516206695630564e-6im
-0.5172413793103449,-0.8620689655172413,1.437487310352049e-6 - 4.9271340235658765e-6im,4.200431955541895e-6 - 2.7144525306254982e-6im,5.637919265893944e-6 - 7.641586554191375e-6im
-0.5172413793103449,-0.7586206896551724,2.1078492825734843e-6 - 5.028653898110837e-6im,4.487377565442212e-6 - 2.6550995018278095e-6im,6.5952268480156955e-6 - 7.683753399938646e-6im
-0.5172413793103449,-0.6551724137931034,2.8766280408624746e-6 - 5.040263274894e-6im,4.806537544749679e-6 - 2.5610885805465328e-6im,7.683165585612153e-6 - 7.601351855440533e-6im
-0.5172413793103449,-0.5517241379310345,3.7439920203394996e-6 - 4.919257303716305e-6im,5.1588049683005975e-6 - 2.4172438791810875e-6im,8.902796988640096e-6 - 7.336501182897393e-6im
-0.5172413793103449,-0.4482758620689655,4.694250570318429e-6 - 4.6096482420034705e-6im,5.539768837441843e-6 - 2.202722933887111e-6im,1.0234019407760271e-5 - 6.812371175890581e-6im
-0.5172413793103449,-0.3448275862068966,5.682240399432007e-6 - 4.04596490853149e-6im,5.934106805985043e-6 - 1.8917350947240872e-6im,1.1616347205417051e-5 - 5.937700003255578e-6im
-0.5172413793103449,-0.2413793103448276,6.6171232366227815e-6 - 3.1697639337225653e-6im,6.308135056915809e-6 - 1.4594156140825146e-6im,1.2925258293538592e-5 - 4.6291795478050795e-6im
-0.5172413793103449,-0.13793103448275862,7.356820937465916e-6 - 1.9663257244278726e-6im,6.6058238554640455e-6 - 8.969144717819748e-7im,1.3962644792929962e-5 - 2.8632401962098474e-6im
-0.5172413793103449,-0.034482758620689655,7.739219054445686e-6 - 5.118194804364955e-7im,6.760558013916636e-6 - 2.3252612979626822e-7im,1.4499777068362322e-5 - 7.443456102327637e-7im
-0.5172413793103449,0.06896551724137931,7.660092107476204e-6 + 1.0152417375344337e-6im,6.7284876849496745e-6 + 4.616003638782197e-7im,1.4388579792425877e-5 + 1.4768421014126534e-6im
-0.5172413793103449,0.1724137931034483,7.142244127190247e-6 + 2.4014259485835554e-6im,6.519264345264695e-6 + 1.0981034124181194e-6im,1.3661508472454942e-5 + 3.499529361001675e-6im
-0.5172413793103449,0.27586206896551724,6.31923286735254e-6 + 3.498903714996098e-6im,6.188741875338994e-6 + 1.6181134233312628e-6im,1.2507974742691534e-5 + 5.117017138327361e-6im
-0.5172413793103449,0.3793103448275862,5.353224156874222e-6 + 4.26614953308452e-6im,5.8027964609101615e-6 + 2.007790439808133e-6im,1.1156020617784382e-5 + 6.273939972892653e-6im
-0.5172413793103449,0.4827586206896552,4.3702832318758034e-6 + 4.737757770331343e-6im,5.4102349988584615e-6 + 2.2836047629998175e-6im,9.780518230734265e-6 + 7.021362533331161e-6im
-0.5172413793103449,0.5862068965517241,3.444430483768896e-6 + 4.977515680922414e-6im,5.0378165284455166e-6 + 2.4718938971204928e-6im,8.482247012214412e-6 + 7.4494095780429065e-6im
-0.5172413793103449,0.6896551724137931,2.6091989738962396e-6 + 5.048747652810914e-6im,4.696446468011302e-6 + 2.597103778277357e-6im,7.3056454419075416e-6 + 7.64585143108827e-6im
-0.5172413793103449,0.7931034482758621,1.873736514124302e-6 + 5.003063827678968e-6im,4.388275032387904e-6 + 2.678131015088246e-6im,6.262011546512206e-6 + 7.681194842767214e-6im
-0.5172413793103449,0.896551724137931,1.234718740757291e-6 + 4.878927224155881e-6im,4.111442804766174e-6 + 2.7284690025716445e-6im,5.346161545523465e-6 + 7.607396226727525e-6im
-0.5172413793103449,1.0,6.834275529535701e-7 + 4.703759191924126e-6im,3.8626417216249e-6 + 2.7574297960288632e-6im,4.546069274578471e-6 + 7.46118898795299e-6im
-0.41379310344827586,-2.0,-2.1078338530899293e-6 - 2.616829646054707e-6im,2.309316155112205e-6 - 2.7586505150587063e-6im,2.0148230202227576e-7 - 5.3754801611134134e-6im
-0.41379310344827586,-1.896551724137931,-1.9932851953789967e-6 - 2.8499620591309373e-6im,2.420425584481337e-6 - 2.788932060072778e-6im,4.271403891023402e-7 - 5.6388941192037155e-6im
-0.41379310344827586,-1.793103448275862,-1.8569902394983584e-6 - 3.09327012438268e-6im,2.539413234704459e-6 - 2.81901157790806e-6im,6.824229952061004e-7 - 5.91228170229074e-6im
-0.41379310344827586,-1.6896551724137931,-1.6954885377310904e-6 - 3.3468783560349582e-6im,2.6672771406715298e-6 - 2.8487822745527034e-6im,9.717886029404394e-7 - 6.195660630587662e-6im
-0.41379310344827586,-1.5862068965517242,-1.5046134004278595e-6 - 3.6106726923232625e-6im,2.805244209144344e-6 - 2.8779742391250107e-6im,1.3006308087164847e-6 - 6.488646931448273e-6im
-0.41379310344827586,-1.4827586206896552,-1.2793263198083556e-6 - 3.884192594647235e-6im,2.95473046659187e-6 - 2.906153765952542e-6im,1.6754041467835142e-6 - 6.790346360599777e-6im
-0.41379310344827586,-1.3793103448275863,-1.013497314598111e-6 - 4.166418933982343e-6im,3.1175290258898292e-6 - 2.9328219573310103e-6im,2.104031711291718e-6 - 7.099240891313353e-6im
-0.41379310344827586,-1.2758620689655173,-6.996423473277435e-7 - 4.4554686072507955e-6im,3.295838283223606e-6 - 2.9572040366812373e-6im,2.5961959358958627e-6 - 7.412672643932033e-6im
-0.41379310344827586,-1.1724137931034482,-3.285984491011229e-7 - 4.748139796933285e-6im,3.4923842731435236e-6 - 2.9781315688718392e-6im,3.1637858240424007e-6 - 7.726271365805124e-6im
-0.41379310344827586,-1.0689655172413792,1.1084709255332905e-7 - 5.039179902172912e-6im,3.7105880250731334e-6 - 2.993859876938743e-6im,3.821435117626463e-6 - 8.033039779111655e-6im
-0.41379310344827586,-0.9655172413793104,6.323426073227463e-7 - 5.320152615913627e-6im,3.954750882980978e-6 - 3.0016874378378685e-6im,4.587093490303724e-6 - 8.321840053751496e-6im
-0.41379310344827586,-0.8620689655172413,1.2522443240784775e-6 - 5.577624658904823e-6im,4.2302323449460335e-6 - 2.9973963668266733e-6im,5.482476669024511e-6 - 8.575021025731496e-6im
-0.41379310344827586,-0.7586206896551724,1.9894880996490893e-6 - 5.79039647970988e-6im,4.5436150479810506e-6 - 2.9742706190614708e-6im,6.53310314763014e-6 - 8.76466709877135e-6im
-0.41379310344827586,-0.6551724137931034,2.8643519203602687e-6 - 5.925147693342902e-6im,4.902557415631263e-6 - 2.9214701483878827e-6im,7.766909335991532e-6 - 8.846617841730784e-6im
-0.41379310344827586,-0.5517241379310345,3.894558642546213e-6 - 5.930196851032013e-6im,5.314809765947946e-6 - 2.821425756258727e-6im,9.209368408494159e-6 - 8.75162260729074e-6im
-0.41379310344827586,-0.4482758620689655,5.08535296468303e-6 - 5.727415732503257e-6im,5.78503245266961e-6 - 2.6460566644741215e-6im,1.0870385417352641e-5 - 8.373472396977378e-6im
-0.41379310344827586,-0.3448275862068966,6.4077334525141595e-6 - 5.206314344202827e-6im,6.306506894224833e-6 - 2.3527506664068347e-6im,1.2714240346738992e-5 - 7.559065010609661e-6im
-0.41379310344827586,-0.2413793103448276,7.758484304411713e-6 - 4.23421963038653e-6im,6.843900077819846e-6 - 1.8860338518401706e-6im,1.460238438223156e-5 - 6.120253482226701e-6im
-0.41379310344827586,-0.13793103448275862,8.9137320699896e-6 - 2.715288376776417e-6im,7.310107631061658e-6 - 1.2003168379480742e-6im,1.622383970105126e-5 - 3.915605214724491e-6im
-0.41379310344827586,-0.034482758620689655,9.547337856645135e-6 - 7.200669008566536e-7im,7.568945792972437e-6 - 3.1744568975940893e-7im,1.711628364961757e-5 - 1.0375125906160627e-6im
-0.41379310344827586,0.06896551724137931,9.4139710381932e-6 + 1.4226922085919107e-6im,7.5142582341542965e-6 + 6.27514820505617e-7im,1.6928229272347497e-5 + 2.0502070290975276e-6im
-0.41379310344827586,0.1724137931034483,8.569616435553202e-6 + 3.2831273250557804e-6im,7.1705072720108695e-6 + 1.4540652848414009e-6im,1.574012370756407e-5 + 4.7371926098971814e-6im
-0.41379310344827586,0.27586206896551724,7.316084436304865e-6 + 4.6162018154585e-6im,6.667102341237e-6 + 2.064382858964487e-6im,1.3983186777541865e-5 + 6.680584674422987e-6im
-0.41379310344827586,0.3793103448275862,5.956600619404145e-6 + 5.4234592046139994e-6im,6.1283201460256315e-6 + 2.4668930482157607e-6im,1.2084920765429778e-5 + 7.89035225282976e-6im
-0.41379310344827586,0.4827586206896552,4.671308344651106e-6 + 5.8242431866034684e-6im,5.621887435550302e-6 + 2.71518562573041e-6im,1.0293195780201409e-5 + 8.539428812333878e-6im
-0.41379310344827586,0.5862068965517241,3.5331437980201017e-6 + 5.947112869467852e-6im,5.171058138152625e-6 + 2.8614881813987885e-6im,8.704201936172726e-6 + 8.808601050866641e-6im
-0.41379310344827586,0.6896551724137931,2.5562204689563513e-6 + 5.8916257942746155e-6im,4.777351012981545e-6 + 2.9432756779436858e-6im,7.3335714819378965e-6 + 8.834901472218302e-6im
-0.41379310344827586,0.7931034482758621,1.7294526376109142e-6 + 5.726187739416038e-6im,4.434480536790822e-6 + 2.984631580929312e-6im,6.1639331744017365e-6 + 8.71081932034535e-6im
-0.41379310344827586,0.896551724137931,1.0335516521202006e-6 + 5.495518944042438e-6im,4.134547743094141e-6 + 3.0005219862472386e-6im,5.168099395214342e-6 + 8.496040930289676e-6im
-0.41379310344827586,1.0,4.484417859801045e-7 + 5.228315520501083e-6im,3.870173653029148e-6 + 3.000177229610391e-6im,4.318615439009252e-6 + 8.228492750111474e-6im
-0.3103448275862069,-2.0,-2.345287525015624e-6 - 2.7161082915838147e-6im,2.275471197447942e-6 - 2.86599238619651e-6im,-6.98163275676821e-8 - 5.582100677780325e-6im
-0.3103448275862069,-1.896551724137931,-2.242259058968541e-6 - 2.96923068951601e-6im,2.38624516406519e-6 - 2.9037564863125073e-6im,1.439861050966487e-7 - 5.872987175828518e-6im
-0.3103448275862069,-1.793103448275862,-2.1179813667588664e-6 - 3.2357403608413884e-6im,2.5049768793643913e-6 - 2.942246088650847e-6im,3.869955126055249e-7 - 6.177986449492236e-6im
-0.3103448275862069,-1.6896551724137931,-1.9688863721312973e-6 - 3.516425602356532e-6im,2.632700660647536e-6 - 2.9815750995837687e-6im,6.638142885162387e-7 - 6.498000701940301e-6im
-0.3103448275862069,-1.5862068965517242,-1.7906159038368108e-6 - 3.8120041267656314e-6im,2.7706903357727564e-6 - 3.021637821410356e-6im,9.800744319359456e-7 - 6.833641948175987e-6im
-0.3103448275862069,-1.4827586206896552,-1.5778092305225304e-6 - 4.123083259860347e-6im,2.920474970642244e-6 - 3.0623784514485835e-6im,1.3426657401197136e-6 - 7.1854617113089305e-6im
-0.3103448275862069,-1.3793103448275863,-1.3238095295099417e-6 - 4.449994278565588e-6im,3.0839871278465866e-6 - 3.1036777010054294e-6im,1.760177598336645e-6 - 7.553671979571017e-6im
-0.3103448275862069,-1.2758620689655173,-1.0202654778586149e-6 - 4.792584904074538e-6im,3.2636551122576437e-6 - 3.145290864589857e-6im,2.2433896343990286e-6 - 7.937875768664394e-6im
-0.3103448275862069,-1.1724137931034482,-6.566245897318287e-7 - 5.1498452322303065e-6im,3.4625939760362524e-6 - 3.186763150849449e-6im,2.8059693863044237e-6 - 8.336608383079755e-6im
-0.3103448275862069,-1.0689655172413792,-2.1941809993854792e-7 - 5.519306505820107e-6im,3.684832063860048e-6 - 3.22727564842455e-6im,3.4654139639215e-6 - 8.746582154244657e-6im
-0.3103448275862069,-0.9655172413793104,3.086627270021248e-7 - 5.89605214281958e-6im,3.935704460452524e-6 - 3.2653855389628774e-6im,4.244367187454648e-6 - 9.161437681782458e-6im
-0.3103448275862069,-0.8620689655172413,9.499498608522603e-7 - 6.2708606166630665e-6im,4.22233373747204e-6 - 3.2985203343141752e-6im,5.1722835983243e-6 - 9.569380950977241e-6im
-0.3103448275862069,-0.7586206896551724,1.733225231988457e-6 - 6.627124436772866e-6im,4.5543660977946305e-6 - 3.3220272668262986e-6im,6.287591329783088e-6 - 9.949151703599165e-6im
-0.3103448275862069,-0.6551724137931034,2.694979142410183e-6 - 6.935335117575212e-6im,4.944883170508897e-6 - 3.327346649336607e-6im,7.63986231291908e-6 - 1.026268176691182e-5im
-0.3103448275862069,-0.5517241379310345,3.8793705226833625e-6 - 7.1432200550784455e-6im,5.411212186743102e-6 - 3.2984392622198673e-6im,9.290582709426464e-6 - 1.0441659317298313e-5im
-0.3103448275862069,-0.4482758620689655,5.33301129448688e-6 - 7.158533164383884e-6im,5.974586899507593e-6 - 3.204663408853192e-6im,1.1307598193994473e-5 - 1.0363196573237077e-5im
-0.3103448275862069,-0.3448275862068966,7.0834129650087026e-6 - 6.821196539571603e-6im,6.653916747065049e-6 - 2.987587979429396e-6im,1.3737329712073752e-5 - 9.808784519000998e-6im
-0.3103448275862069,-0.2413793103448276,9.072561316279375e-6 - 5.8729461670669795e-6im,7.440073146745625e-6 - 2.5425609545507434e-6im,1.6512634463025e-5 - 8.415507121617723e-6im
-0.3103448275862069,-0.13793103448275862,1.1002321322983299e-5 - 3.992756771558948e-6im,8.22495234652858e-6 - 1.7239282483571594e-6im,1.922727366951188e-5 - 5.7166850199161074e-6im
-0.3103448275862069,-0.034482758620689655,1.2183933977086929e-5 - 1.0987785182988122e-6im,8.717923304605453e-6 - 4.749403500212691e-7im,2.090185728169238e-5 - 1.5737188683200814e-6im
-0.3103448275862069,0.06896551724137931,1.192653314787766e-5 + 2.153353798630046e-6im,8.609666098586572e-6 + 9.304172887359775e-7im,2.053619924646423e-5 + 3.083771087366023e-6im
-0.3103448275862069,0.1724137931034483,1.0400366839507922e-5 + 4.739156013775103e-6im,7.977475164017989e-6 + 2.0465001041636203e-6im,1.837784200352591e-5 + 6.785656117938723e-6im
-0.3103448275862069,0.27586206896551724,8.394081652883661e-6 + 6.2770100432252094e-6im,7.169626796357629e-6 + 2.724942731755965e-6im,1.556370844924129e-5 + 9.001952774981175e-6im
-0.3103448275862069,0.3793103448275862,6.467555296258707e-6 + 6.986543589675339e-6im,6.414043240761044e-6 + 3.0789735721836074e-6im,1.288159853701975e-5 + 1.0065517161858947e-5im
-0.3103448275862069,0.4827586206896552,4.816017237751869e-6 + 7.182936286600777e-6im,5.774642589696809e-6 + 3.245969661710783e-6im,1.0590659827448678e-5 + 1.042890594831156e-5im
-0.3103448275862069,0.5862068965517241,3.4568889676676184e-6 + 7.089699052460762e-6im,5.246088417271295e-6 + 3.3133578566043312e-6im,8.702977384938914e-6 + 1.0403056909065093e-5im
-0.3103448275862069,0.6896551724137931,2.351972489225339e-6 + 6.840542385965596e-6im,4.807237269852602e-6 + 3.328374783572685e-6im,7.159209759077941e-6 + 1.0168917169538281e-5im
-0.3103448275862069,0.7931034482758621,1.4542740443800722e-6 + 6.511905225700949e-6im,4.437924396549842e-6 + 3.3156801448617872e-6im,5.892198440929915e-6 + 9.827585370562736e-6im
-0.3103448275862069,0.896551724137931,7.219815893596167e-7 + 6.146969319833728e-6im,4.122287080948809e-6 + 3.288257279330711e-6im,4.8442686703084254e-6 + 9.435226599164439e-6im
-0.3103448275862069,1.0,1.2127885144914113e-7 + 5.77011461173585e-6im,3.84850268695801e-6 + 3.2530795160732637e-6im,3.969781538407151e-6 + 9.023194127809114e-6im
-0.20689655172413793,-2.0,-2.600963622705702e-6 - 2.8027998723585364e-6im,2.2345552445059163e-6 - 2.9725776443274235e-6im,-3.6640837819978553e-7 - 5.77537751668596e-6im
-0.20689655172413793,-1.896551724137931,-2.5123823628721602e-6 - 3.0751178375163964e-6im,2.344134600159503e-6 - 3.0178103074477687e-6im,-1.6824776271265728e-7 - 6.092928144964165e-6im
-0.20689655172413793,-1.793103448275862,-2.403660981422601e-6 - 3.364032389694454e-6im,2.4615765556287556e-6 - 3.064754703398674e-6im,5.791557420615455e-8 - 6.428787093093128e-6im
-0.20689655172413793,-1.6896551724137931,-2.2712896004792815e-6 - 3.6710430345935115e-6im,2.587910277673128e-6 - 3.113599595064751e-6im,3.1662067719384646e-7 - 6.784642629658263e-6im
-0.20689655172413793,-1.5862068965517242,-2.110938374710711e-6 - 3.997793944867342e-6im,2.7243943018422346e-6 - 3.1646102843326427e-6im,6.134559271315235e-7 - 7.1624042291999856e-6im
-0.20689655172413793,-1.4827586206896552,-1.9172102296798225e-6 - 4.346068836413205e-6im,2.8725749462455356e-6 - 3.2180230142825158e-6im,9.55364716565713e-7 - 7.564091850695721e-6im
-0.20689655172413793,-1.3793103448275863,-1.6832990001472611e-6 - 4.717757830260492e-6im,3.0344006217321987e-6 - 3.274189434721525e-6im,1.3511016215849376e-6 - 7.991947264982017e-6im
-0.20689655172413793,-1.2758620689655173,-1.4005123948188643e-6 - 5.114779770273782e-6im,3.2123624501778734e-6 - 3.3334663663131147e-6im,1.8118500553590091e-6 - 8.448246136586896e-6im
-0.20689655172413793,-1.1724137931034482,-1.0575835641676538e-6 - 5.538911095599676e-6im,3.4097095496790163e-6 - 3.396252558066801e-6im,2.3521259855113627e-6 - 8.935163653666477e-6im
-0.20689655172413793,-1.0689655172413792,-6.397249335628667e-7 - 5.991479295778002e-6im,3.6307352894913268e-6 - 3.4629156735572697e-6im,2.99101035592846e-6 - 9.454394969335271e-6im
-0.20689655172413793,-0.9655172413793104,-1.271567502631266e-7 - 6.472734841508339e-6im,3.881305482376078e-6 - 3.5337409979360427e-6im,3.7541487321129514e-6 - 1.000647583944438e-5im
-0.20689655172413793,-0.8620689655172413,5.069880487006121e-7 - 6.980621460024366e-6im,4.169607637196355e-6 - 3.6086681868373034e-6im,4.676595685896967e-6 - 1.058928964686167e-5im
-0.20689655172413793,-0.7586206896551724,1.299875228901245e-6 - 7.508332186986088e-6im,4.507407572378343e-6 - 3.686794326027299e-6im,5.807282801279588e-6 - 1.1195126513013387e-5im
-0.20689655172413793,-0.6551724137931034,2.303741015719297e-6 - 8.03948281293961e-6im,4.912168443107777e-6 - 3.765171623620452e-6im,7.2159094588270735e-6 - 1.1804654436560061e-5im
-0.20689655172413793,-0.5517241379310345,3.592849199695022e-6 - 8.537823809903013e-6im,5.410634944109973e-6 - 3.8358900786317695e-6im,9.003484143804994e-6 - 1.2373713888534782e-5im
-0.20689655172413793,-0.4482758620689655,5.272327919945579e-6 - 8.924958359264237e-6im,6.044783118988299e-6 - 3.8786220336885135e-6im,1.1317111038933877e-5 - 1.280358039295275e-5im
-0.20689655172413793,-0.3448275862068966,7.483201054794363e-6 - 9.0294786132479e-6im,6.879803894439228e-6 - 3.840398559099048e-6im,1.436300494923359e-5 - 1.2869877172346948e-5im
-0.20689655172413793,-0.2413793103448276,1.0367088284806353e-5 - 8.469033810566446e-6im,8.0011482583462e-6 - 3.5799564974065492e-6im,1.8368236543152552e-5 - 1.2048990307972996e-5im
-0.20689655172413793,-0.13793103448275862,1.3804711814498937e-5 - 6.435350280675311e-6im,9.411348857670262e-6 - 2.745922575062925e-6im,2.32160606721692e-5 - 9.181272855738237e-6im
-0.20689655172413793,-0.034482758620689655,1.64578901396591e-5 - 1.9378082741666063e-6im,1.055882647141046e-5 - 8.375224509126989e-7im,2.701671661106956e-5 - 2.775330725079305e-6im
-0.20689655172413793,0.06896551724137931,1.582967906332836e-5 + 3.716919166227586e-6im,1.0282648315331301e-5 + 1.6012152834034607e-6im,2.611232737865966e-5 + 5.318134449631047e-6im
-0.20689655172413793,0.1724137931034483,1.2638520787893778e-5 + 7.348791396330357e-6im,8.92321175256177e-6 + 3.121744511233409e-6im,2.1561732540455547e-5 + 1.0470535907563766e-5im
-0.20689655172413793,0.27586206896551724,9.326638280507771e-6 + 8.76827301197539e-6im,7.590852099595589e-6 + 3.707106134636452e-6im,1.691749038010336e-5 + 1.2475379146611844e-5im
-0.20689655172413793,0.3793103448275862,6.67739059820852e-6 + 9.043299250740713e-6im,6.5739943829540685e-6 + 3.868000780322995e-6im,1.325138498116259e-5 + 1.2911300031063708e-5im
-0.20689655172413793,0.4827586206896552,4.661113672465042e-6 + 8.816054174872613e-6im,5.814862001576493e-6 + 3.8697084836199705e-6im,1.0475975674041536e-5 + 1.2685762658492584e-5im
-0.20689655172413793,0.5862068965517241,3.125699624565976e-6 + 8.3789456184144e-6im,5.231875195588422e-6 + 3.814029664436561e-6im,8.357574820154398e-6 + 1.219297528285096e-5im
-0.20689655172413793,0.6896551724137931,1.9416391352286645e-6 + 7.8637113988585e-6im,4.7684014932184305e-6 + 3.739351997036035e-6im,6.710040628447095e-6 + 1.1603063395894536e-5im
-0.20689655172413793,0.7931034482758621,1.015092889272401e-6 + 7.330960217297296e-6im,4.388378619744324e-6 + 3.6605157722392105e-6im,5.403471509016725e-6 + 1.0991475989536506e-5im
-0.20689655172413793,0.896551724137931,2.800594275109633e-7 + 6.808643112283467e-6im,4.06867409700874e-6 + 3.583267482126794e-6im,4.348733524519703e-6 + 1.0391910594410262e-5im
-0.20689655172413793,1.0,-3.1002020018299427e-7 + 6.3091881880162635e-6im,3.7940529075585553e-6 + 3.509663282136448e-6im,3.484032707375561e-6 + 9.818851470152711e-6im
-0.10344827586206896,-2.0,-2.8738255404969866e-6 - 2.8742725305578913e-6im,2.1866526735567653e-6 - 3.0776221472602377e-6im,-6.871728669402214e-7 - 5.951894677818129e-6im
-0.10344827586206896,-1.896551724137931,-2.8025416084305193e-6 - 3.164432039628741e-6im,2.2941884751134323e-6 - 3.1301573315789547e-6im,-5.08353133317087e-7 - 6.294589371207695e-6im
-0.10344827586206896,-1.793103448275862,-2.7128564767108804e-6 - 3.4742545587118224e-6im,2.4093209596908425e-6 - 3.1853157803800475e-6im,-3.0353551702003796e-7 - 6.65957033909187e-6im
-0.10344827586206896,-1.6896551724137931,-2.6015012244507733e-6 - 3.8059526239401298e-6im,2.5330187510553533e-6 - 3.2434701533220165e-6im,-6.848247339542009e-8 - 7.049422777262146e-6im
-0.10344827586206896,-1.5862068965517242,-2.464406901488255e-6 - 4.162078588601985e-6im,2.6664657745376e-6 - 3.305160767241248e-6im,2.020588730493451e-7 - 7.467239355843232e-6im
-0.10344827586206896,-1.4827586206896552,-2.2964853396773195e-6 - 4.545647235679342e-6im,2.8111167392372217e-6 - 3.370929448886836e-6im,5.146313995599021e-7 - 7.916576684566179e-6im
-0.10344827586206896,-1.3793103448275863,-2.0912468236522633e-6 - 4.960175336143688e-6im,2.9688001667886455e-6 - 3.4415960523834568e-6im,8.775533431363822e-7 - 8.401771388527144e-6im
-0.10344827586206896,-1.2758620689655173,-1.8403085072529518e-6 - 5.409793846797265e-6im,3.1418659190717467e-6 - 3.518137699942673e-6im,1.301557411818795e-6 - 8.927931546739938e-6im
-0.10344827586206896,-1.1724137931034482,-1.5326675077247224e-6 - 5.899376357163503e-6im,3.333392651700131e-6 - 3.6018400914798944e-6im,1.8007251439754086e-6 - 9.501216448643398e-6im
-0.10344827586206896,-1.0689655172413792,-1.1535839725756035e-6 - 6.4346155017372985e-6im,3.5474671549776005e-6 - 3.6943481262545307e-6im,2.393883182401997e-6 - 1.012896362799183e-5im
-0.10344827586206896,-0.9655172413793104,-6.828852392413437e-7 - 7.022060270376595e-6im,3.78974926009755e-6 - 3.7978706203024863e-6im,3.1068640208562065e-6 - 1.0819930890679081e-5im
-0.10344827586206896,-0.8620689655172413,-9.226782284331077e-8 - 7.669044507091842e-6im,4.068284216580013e-6 - 3.915320180563673e-6im,3.976016393736702e-6 - 1.1584364687655514e-5im
-0.10344827586206896,-0.7586206896551724,6.591418942035357e-7 - 8.383079590404165e-6im,4.394956110294108e-6 - 4.050600473208565e-6im,5.054098004497644e-6 - 1.2433680063612731e-5im
-0.10344827586206896,-0.6551724137931034,1.6324285225868203e-6 - 9.170110610112178e-6im,4.788195129965947e-6 - 4.208882787825606e-6im,6.420623652552767e-6 - 1.3378993397937786e-5im
-0.10344827586206896,-0.5517241379310345,2.9225512673530066e-6 - 1.0029792267218485e-5im,5.278314568542472e-6 - 4.396737071038827e-6im,8.20086583589548e-6 - 1.4426529338257313e-5im
-0.10344827586206896,-0.4482758620689655,4.684416959513682e-6 - 1.0942542538122648e-5im,5.919072416560848e-6 - 4.621055821506638e-6im,1.060348937607453e-5 - 1.5563598359629287e-5im
-0.10344827586206896,-0.3448275862068966,7.186605765462691e-6 - 1.183152014428925e-5im,6.8155442508440595e-6 - 4.881731212919226e-6im,1.400215001630675e-5 - 1.6713251357208475e-5im
-0.10344827586206896,-0.2413793103448276,1.0933512627368848e-5 - 1.2431854129897166e-5im,8.199128164690428e-6 - 5.129287446499058e-6im,1.9132640792059276e-5 - 1.7561141576396223e-5im
-0.10344827586206896,-0.13793103448275862,1.6913433657069878e-5 - 1.1680314454147527e-5im,1.0616647655569377e-5 - 4.9862666722283205e-6im,2.7530081312639255e-5 - 1.6666581126375847e-5im
-0.10344827586206896,-0.034482758620689655,2.494707153987981e-5 - 4.750649160204281e-6im,1.427115890324285e-5 - 2.1388891245809984e-6im,3.921823044312266e-5 - 6.889538284785279e-6im
-0.10344827586206896,0.06896551724137931,2.2479137306922067e-5 + 8.326266452178441e-6im,1.3107290639575198e-5 + 3.691952011961519e-6im,3.5586427946497264e-5 + 1.2018218464139959e-5im
-0.10344827586206896,0.1724137931034483,1.458692571464272e-5 + 1.2238316329383644e-5im,9.642266237451481e-6 + 5.1441164782030375e-6im,2.42291919520942e-5 + 1.7382432807586683e-5im
-0.10344827586206896,0.27586206896551724,9.498480781624681e-6 + 1.229823003355907e-5im,7.659604109275212e-6 + 5.057483415046552e-6im,1.7158084890899893e-5 + 1.7355713448605623e-5im
-0.10344827586206896,0.3793103448275862,6.246143200764842e-6 + 1.1547527446628963e-5im,6.4780367705680125e-6 + 4.791787313122831e-6im,1.2724179971332856e-5 + 1.6339314759751795e-5im
-0.10344827586206896,0.4827586206896552,4.031371288912811e-6 + 1.0635212920310576e-5im,5.683822353247676e-6 + 4.541913856696455e-6im,9.715193642160488e-6 + 1.5177126777007031e-5im
-0.10344827586206896,0.5862068965517241,2.4493949995084234e-6 + 9.735727165863635e-6im,5.10153973020238e-6 + 4.3303823240805265e-6im,7.550934729710804e-6 + 1.406610948994416e-5im
-0.10344827586206896,0.6896551724137931,1.2783954605674961e-6 + 8.899463275848116e-6im,4.648179426572125e-6 + 4.153187703673219e-6im,5.926574887139622e-6 + 1.3052650979521336e-5im
-0.10344827586206896,0.7931034482758621,3.875660889307739e-7 + 8.137182570663355e-6im,4.279752096587706e-6 + 4.003238710855509e-6im,4.66731818551848e-6 + 1.2140421281518865e-5im
-0.10344827586206896,0.896551724137931,-3.0466265264493265e-7 + 7.446299180469567e-6im,3.9707791012526475e-6 + 3.874404343273687e-6im,3.6661164486077147e-6 + 1.1320703523743255e-5im
-0.10344827586206896,1.0,-8.515045864476367e-7 + 6.820003823019293e-6im,3.7054195405252556e-6 + 3.761976395354854e-6im,2.853914954077619e-6 + 1.0581980218374147e-5im
0.0,-2.0,-3.1623421695034664e-6 - 2.9280288334616872e-6im,2.1319810486745537e-6 - 3.1803675348031416e-6im,-1.0303611208289127e-6 - 6.108396368264829e-6im
0.0,-1.896551724137931,-3.1110004022036885e-6 - 3.2341325888374553e-6im,2.236673914128905e-6 - 3.2398929504038477e-6im,-8.743264880747835e-7 - 6.4740255392413025e-6im
0.0,-1.793103448275862,-3.043592849534258e-6 - 3.5626687194972417e-6im,2.348534058841045e-6 - 3.3028776859906897e-6im,-6.950587906932132e-7 - 6.865546405487931e-6im
0.0,-1.6896551724137931,-2.9572720316030255e-6 - 3.91648838994647e-6im,2.468437542364372e-6 - 3.3698746807941495e-6im,-4.888344892386536e-7 - 7.28636307074062e-6im
0.0,-1.5862068965517242,-2.8484866033239475e-6 - 4.2990093476812635e-6im,2.5973894218562e-6 - 3.4416267173794513e-6im,-2.5109718146774754e-7 - 7.740636065060714e-6im
0.0,-1.4827586206896552,-2.712765515447192e-6 - 4.71437229627602e-6im,2.7367055458283793e-6 - 3.519005185142732e-6im,2.3940030381187317e-8 - 8.233377481418752e-6im
0.0,-1.3793103448275863,-2.5444614416017806e-6 - 5.167614184093771e-6im,2.8879397817448716e-6 - 3.603192726658914e-6im,3.4347834014309093e-7 - 8.770806910752685e-6im
0.0,-1.2758620689655173,-2.3362079127151263e-6 - 5.6649917073785175e-6im,3.0530998946739687e-6 - 3.6957365932031673e-6im,7.168919819588425e-7 - 9.360728300581684e-6im
0.0,-1.1724137931034482,-2.0783091698992222e-6 - 6.214338280719049e-6im,3.234774507321392e-6 - 3.798697552891573e-6im,1.15646533742217e-6 - 1.0013035833610622e-5im
0.0,-1.0689655172413792,-1.7577409658204698e-6 - 6.82564990229129e-6im,3.436372052384607e-6 - 3.914883238596479e-6im,1.678631086564137e-6 - 1.074053314088777e-5im
0.0,-0.9655172413793104,-1.3565107274645852e-6 - 7.511907189442551e-6im,3.6625563725759913e-6 - 4.048227791498091e-6im,2.306045645111406e-6 - 1.1560134980940641e-5im
0.0,-0.8620689655172413,-8.491086745008839e-7 - 8.290263313600345e-6im,3.919850290600922e-6 - 4.2043582311217895e-6im,3.070741616100038e-6 - 1.2494621544722135e-5im
0.0,-0.7586206896551724,-1.981237128016957e-7 - 9.18396639923306e-6im,4.217762360148817e-6 - 4.391663396833128e-6im,4.0196386473471214e-6 - 1.3575629796066187e-5im
0.0,-0.6551724137931034,6.536120742207626e-7 - 1.0225359938646625e-5im,4.570863021909494e-6 - 4.62320841204468e-6im,5.224475096130257e-6 - 1.4848568350691304e-5im
0.0,-0.5517241379310345,1.7978523120242181e-6 - 1.1460891696900705e-5im,5.0028566248744e-6 - 4.9205173198022685e-6im,6.800708936898618e-6 - 1.6381409016702975e-5im
0.0,-0.4482758620689655,3.3912671753274224e-6 - 1.2960168537403002e-5im,5.555511181709379e-6 - 5.3223139164283555e-6im,8.946778357036802e-6 - 1.8282482453831357e-5im
0.0,-0.3448275862068966,5.723746959723948e-6 - 1.4835665332124165e-5im,6.311823479135936e-6 - 5.906273230881229e-6im,1.2035570438859884e-5 - 2.0741938563005395e-5im
0.0,-0.2413793103448276,9.39946331174588e-6 - 1.7307543909296175e-5im,7.4694029428183455e-6 - 6.86036185388968e-6im,1.6868866254564223e-5 - 2.4167905763185857e-5im
0.0,-0.13793103448275862,1.6040636757952334e-5 - 2.112358059022747e-5im,9.689752233380495e-6 - 8.823015469248214e-6im,2.573038899133283e-5 - 2.9946596059475683e-5im
0.0,-0.034482758620689655,4.0066878149309236e-5 - 3.7764139498320453e-5im,2.0249120979449737e-5 - 1.8947767548308494e-5im,6.031599912875897e-5 - 5.671190704662895e-5im
0.0,0.06896551724137931,2.5673149587193133e-5 + 2.6929581924491012e-5im,1.3504979496487044e-5 + 1.2398004987844897e-5im,3.917812908368018e-5 + 3.932758691233591e-5im
0.0,0.1724137931034483,1.3285472184596286e-5 + 1.958157902275023e-5im,8.734663057639804e-6 + 7.962602671359723e-6im,2.202013524223609e-5 + 2.7544181694109952e-5im
0.0,0.27586206896551724,7.96244147841721e-6 + 1.6393614411940108e-5im,7.0163572270150605e-6 + 6.479562821701111e-6im,1.497879870543227e-5 + 2.2873177233641218e-5im
0.0,0.3793103448275862,4.836801722021175e-6 + 1.41587759368521e-5im,6.02879533658083e-6 + 5.6835352781767395e-6im,1.0865597058602005e-5 + 1.984231121502884e-5im
0.0,0.4827586206896552,2.7962665634148528e-6 + 1.2425397600293224e-5im,5.3540436754339486e-6 + 5.173175460558443e-6im,8.150310238848801e-6 + 1.7598573060851668e-5im
0.0,0.5862068965517241,1.3761103971541494e-6 + 1.1023798008649625e-5im,4.848052304714554e-6 + 4.812210519440368e-6im,6.224162701868703e-6 + 1.5836008528089993e-5im
0.0,0.6896551724137931,3.4267833436206544e-7 + 9.859317812819293e-6im,4.445813254276318e-6 + 4.540028423336103e-6im,4.788491588638384e-6 + 1.4399346236155397e-5im
0.0,0.7931034482758621,-4.340825923138922e-7 + 8.87148182967897e-6im,4.113158103516427e-6 + 4.325092061138716e-6im,3.6790755112025343e-6 + 1.3196573890817686e-5im
0.0,0.896551724137931,-1.0320395856567368e-6 + 8.019295377018764e-6im,3.830118558889314e-6 + 4.149335759683352e-6im,2.7980789732325773e-6 + 1.2168631136702116e-5im
0.0,1.0,-1.5005965943473974e-6 + 7.2738711020786795e-6im,3.584076645362065e-6 + 4.0015688108446275e-6im,2.0834800510146674e-6 + 1.1275439912923307e-5im
